essay_index,text_id,cohesion,syntax,vocabulary,phraseology,grammar,conventions
2759,CA7CE4CE7ED3,4.0,3.5,3.5,3.5,3.0,3.5
598,2D508127DEF1,3.0,3.0,4.0,3.0,4.0,4.0
599,2D5A9BEEB30D,4.0,4.5,4.0,4.0,4.5,5.0
545,29B364A33B4E,2.0,2.0,3.0,2.5,2.5,2.0
1284,62654020C48D,3.0,3.0,3.0,3.0,3.0,3.5
1811,88860671767F,3.5,3.5,3.5,3.0,3.0,4.0
496,257D0126F271,3.5,3.0,3.0,3.0,3.5,3.5
3628,F4B3B2CAB030,2.0,2.5,3.0,2.0,2.5,2.5
1652,7D955FAD0C73,4.0,4.0,4.0,3.5,3.0,3.0
2632,C2FBC10F36E0,2.5,2.0,3.0,3.0,2.5,2.0
170,0CFDDC1CF75A,2.0,2.5,2.5,2.5,2.0,2.5
558,2AAA5F2F5270,3.5,3.0,3.5,3.0,3.0,3.5
3432,EB8030177678,3.0,3.0,3.5,3.0,3.0,3.5
3374,E8B836196ADB,2.0,2.5,3.0,2.5,3.0,3.0
891,44BD35E3BD1D,3.5,2.5,3.5,2.5,2.5,3.0
2230,A6A6C7852F05,3.5,2.5,3.0,3.0,3.0,2.0
587,2C7750B811F3,3.0,3.0,4.0,3.0,2.5,3.5
248,125C1167A84A,2.0,3.0,3.0,3.0,3.0,2.0
1898,8EF3D97E2310,4.0,3.5,4.0,4.0,3.0,3.0
33,036042533396,3.5,3.5,3.5,4.0,3.0,4.0
1646,7CFA22351B27,3.0,3.5,3.0,3.5,3.5,3.5
410,1F3620A2965E,2.5,3.0,3.0,3.5,4.0,3.0
1021,4E22E3143561,3.0,3.0,3.5,3.5,3.0,3.5
481,248407B5DBB2,2.5,3.5,3.5,3.0,3.5,3.5
1850,8B4A210026AD,2.0,2.0,3.5,3.0,3.0,3.5
1989,9664D9C4C5F9,3.0,3.5,3.5,3.5,3.5,3.0
2760,CA7EF1C7C3FE,3.5,3.5,3.0,3.5,3.0,3.5
1357,684166ED2438,1.5,1.5,1.5,1.5,1.5,1.5
546,29BB45AA907C,4.0,4.5,4.0,4.0,4.0,4.5
3225,E1ACA6A0198E,3.5,3.5,3.5,4.0,4.5,3.5
796,3DCF3E6F4A13,2.0,2.5,3.5,3.0,2.5,3.0
3384,E8F77B7EB4D9,3.0,2.5,3.5,2.5,3.0,2.5
3218,E13F3C0CB738,3.0,3.5,3.5,4.0,3.5,3.0
2058,9B23FE314CF5,2.5,2.5,3.0,2.5,2.0,3.0
3657,F5A6427C32CA,2.5,2.5,3.5,3.0,2.0,3.0
621,2EF984473EC5,2.5,3.0,2.5,2.5,2.5,2.5
748,39929B24673E,3.0,3.0,3.0,2.0,2.5,3.0
1239,5FC620AEDC8B,3.0,3.0,2.5,2.5,2.5,2.5
224,10D0BBF44479,2.5,2.5,3.0,2.0,2.0,3.0
398,1E176F592611,2.5,2.5,3.0,2.5,2.5,3.0
3101,DBCAB09E41C7,2.5,3.0,3.5,2.5,2.0,3.0
682,3498E7E2DAB6,2.5,3.0,3.0,3.5,2.0,3.0
1318,6531927DF837,4.5,4.0,4.5,4.0,4.5,4.5
3794,FAC16838327F,3.5,3.0,3.5,3.5,3.5,3.5
1806,882F6EC806E9,2.5,2.0,2.5,3.0,2.0,3.0
958,49605B65EA8D,3.0,2.5,3.0,2.5,3.5,2.5
1583,78EA0C3715FE,4.5,4.0,3.5,4.0,3.5,4.0
2836,CE7E3C75BAF8,3.5,4.0,4.0,3.5,3.5,4.0
499,25BFEA75C65A,3.0,3.5,3.0,3.0,3.5,4.0
2235,A72FE8731B45,3.5,4.0,4.0,4.0,3.5,3.0
381,1CFAD594A087,3.0,3.0,3.5,4.0,4.0,3.0
3045,D99C71A15BA0,2.5,2.5,3.0,3.0,2.0,2.5
347,1A17F32415FD,2.0,2.0,3.0,2.5,2.5,2.5
2788,CBFEE0C81C5E,3.5,3.5,3.0,3.5,3.5,2.5
3328,E69D5E1FEAB4,2.0,3.0,2.5,3.0,2.5,2.0
311,16C3B49CFB43,2.5,2.5,3.0,2.5,2.5,2.5
501,25FA30699A04,4.5,4.0,4.0,4.0,4.5,4.5
2396,B2055DB7B29E,3.5,3.0,3.0,3.0,2.5,3.0
1174,5ADD410B9783,3.0,2.5,2.5,2.5,2.0,2.5
1601,7A239E4D1966,4.0,3.5,4.0,3.5,3.0,3.0
142,0AFAD06336F3,3.5,3.5,3.0,3.5,3.5,3.0
2923,D2C9C1EE55F2,3.0,2.0,3.0,3.0,2.5,3.0
3013,D7E4E0A1B943,2.5,2.0,2.0,2.0,2.0,2.0
3190,E0538F7AB083,2.5,2.5,3.0,2.5,3.5,2.5
690,34F016931102,3.5,3.0,3.5,3.5,3.5,3.0
2337,AD9CEE5A6FFF,3.0,3.0,3.0,3.0,3.0,2.5
452,221BA383246D,4.5,3.0,3.5,3.5,3.5,4.0
3742,F9072F36ECE7,3.0,2.5,3.5,3.0,3.0,3.5
1276,61E85C09E36D,2.5,2.5,3.0,2.5,2.0,2.5
735,38B60A8516C2,3.0,3.0,3.5,4.0,3.5,4.0
706,3651697D855B,3.5,3.0,4.0,3.5,3.0,3.5
1523,753E320B186B,2.0,2.0,3.5,2.5,2.0,2.5
2519,BB240E6FF61F,5.0,4.0,5.0,5.0,4.0,4.5
841,40AA29D2F32B,3.0,3.0,3.0,4.0,3.5,3.0
666,33CCEE3933ED,3.5,3.0,3.0,2.5,3.0,3.5
1768,85E3C840FCBF,2.5,3.0,3.0,2.5,3.5,3.0
3120,DCB1A6F255A8,3.5,3.0,3.5,3.5,3.5,2.5
2331,AD53B357BD0D,4.5,4.5,4.5,4.5,4.5,4.5
1084,52F9582F9C86,4.0,3.5,4.0,4.0,4.0,3.5
905,457A4416559B,2.0,2.5,2.5,2.0,2.0,2.5
2326,AD095F1ADE0A,3.0,3.0,2.5,2.0,2.0,2.5
675,3438C0C5ACEA,5.0,4.0,4.0,4.5,5.0,4.5
562,2B015051803E,3.0,4.0,3.0,2.5,3.0,2.5
663,33ADAAB38BFC,3.5,3.5,3.5,3.0,4.0,3.0
3702,F792FE4DCF1A,3.5,3.0,3.0,3.5,3.5,3.0
1377,6A00BED6B62D,3.0,3.5,3.0,2.5,3.0,3.0
2204,A47106D7B784,3.5,3.5,2.5,3.5,3.5,3.0
1051,5056C7637313,2.5,3.0,3.0,2.0,2.0,2.5
1931,915D8BF74963,4.0,3.5,3.5,3.0,3.5,3.5
3586,F22FE8D7FA16,3.0,2.0,3.5,3.5,3.0,3.0
2448,B5FF33681C22,3.0,3.0,3.5,3.5,3.0,3.5
3523,EFD7D87EF4C9,3.5,3.5,4.0,3.5,3.5,3.5
3319,E5B3346016BA,3.5,3.5,3.5,3.0,3.0,3.0
2549,BD951BF14177,3.0,3.0,3.0,2.5,3.5,3.5
2764,CAA2C4C4E79C,3.0,4.0,3.5,4.0,4.0,4.0
3296,E4BBB2E44D64,4.0,3.5,4.0,3.5,2.5,3.5
2372,B03AB7243AE5,3.5,3.0,3.0,4.0,3.5,3.5
530,28661F47D728,3.0,2.0,2.5,2.5,2.0,2.0
3212,E0EEC1CE4679,3.5,3.0,3.0,2.5,3.0,2.0
517,277A95AC0190,3.0,3.5,3.5,3.5,4.0,3.0
3261,E2F71EA3C3FE,2.0,3.0,3.0,2.5,3.0,2.5
1772,861B660C2E86,3.0,2.5,3.0,3.0,3.0,2.0
900,451E8369BB76,3.0,2.0,2.5,2.5,2.5,2.5
3589,F27DE7F7F3AB,2.0,2.0,2.5,2.0,2.5,2.0
2570,BF01FFEF8CB3,3.5,3.0,3.0,3.0,3.0,4.0
712,36B2E183713B,3.0,3.5,4.0,4.0,3.0,3.5
3573,F1A5FE43ADD0,3.0,3.0,3.0,3.0,2.5,3.5
1540,767533E12569,1.0,1.0,1.0,1.0,1.0,1.0
1515,74CDAF3BB9EF,3.5,2.5,3.0,3.0,2.5,2.5
3809,FBB5F20E7554,2.5,2.5,3.0,2.5,2.0,3.5
418,1FB9B9E08786,4.0,3.0,3.0,3.0,3.0,4.0
2224,A5E9417DBC88,2.5,3.0,3.0,2.0,2.5,2.0
229,10DA9316D02D,2.5,2.5,3.0,2.5,2.5,3.0
768,3B851F58BCDC,3.0,2.5,3.0,2.5,2.5,3.0
302,161F2D351A92,2.5,2.5,3.0,2.5,2.5,2.5
1015,4DD1ED4D20D2,3.0,3.0,3.5,3.5,3.0,3.5
3830,FCC2991C1760,3.5,3.0,3.5,4.0,3.5,3.0
3469,ED57CFEC1CF1,2.5,2.0,2.5,2.0,2.0,2.0
1451,6F9741277AB3,3.0,3.0,3.0,3.0,3.0,3.0
1068,51DD6A82BD9D,3.0,2.5,3.5,3.0,3.5,3.0
977,4AC16314867E,2.5,2.5,3.0,2.5,3.5,3.0
979,4AF3A09B2EF7,4.0,4.0,3.5,4.0,3.5,4.0
2895,D1769512AB23,2.5,2.0,2.0,2.0,2.0,2.0
2166,A1D0490FD324,3.5,3.0,3.5,3.5,3.5,2.5
480,24615FD199BE,3.0,3.0,3.0,3.0,4.0,3.5
3185,E0209F1D5DF6,2.5,2.0,3.0,2.5,2.5,3.0
346,1A039B3091BA,3.0,2.5,2.5,2.5,2.5,2.0
2106,9E2645222231,3.5,3.5,4.0,3.5,3.0,4.0
1330,66133AC6189A,3.0,2.5,2.5,2.5,3.0,3.0
3244,E23EF596D2B8,2.5,2.5,3.0,2.5,2.0,2.5
489,253108CDC69F,4.0,3.0,3.0,4.0,3.5,4.0
1358,685ABA004ADB,4.0,3.5,4.0,3.5,3.5,4.0
2205,A484FD45778A,3.5,3.0,3.0,3.0,3.0,3.0
1047,4FE6EABBFC00,5.0,4.5,4.0,4.5,4.0,4.5
154,0BB7AF7A448C,3.0,3.0,3.0,2.5,2.0,2.5
1116,5666CD4AA5CD,4.0,3.0,3.5,3.5,3.0,3.0
2125,9F1230B269C1,3.5,3.0,3.0,3.5,2.5,2.5
1023,4E443B00DBFA,3.0,2.5,3.5,2.5,3.0,2.0
961,49718724CB84,4.0,3.0,4.0,3.5,3.0,3.5
3078,DAD5BCDAB7DD,3.5,3.0,3.5,2.5,3.5,3.5
3354,E7F9A77683D2,2.5,2.5,3.0,3.0,3.5,3.0
727,38203808F81B,4.0,3.5,3.5,3.5,4.0,4.0
1414,6CA2ADCE9A7F,3.0,2.5,3.0,3.0,3.0,3.0
2790,CC10B6160941,3.0,3.5,3.5,3.0,3.0,3.5
402,1E6F7CF7470E,2.5,3.0,3.0,3.0,2.5,3.0
2654,C465964DA6D5,3.0,3.0,3.0,3.0,2.5,3.0
2565,BEC3906A1122,3.0,4.0,4.0,3.5,3.5,3.5
1013,4DBF966A37CA,2.5,2.5,3.0,2.0,2.5,2.5
2891,D159EE3218BC,3.5,4.0,3.5,4.0,4.0,3.5
3508,EF47AB98271A,3.0,3.0,4.0,3.5,3.0,3.0
2984,D61FC9795679,3.0,3.0,3.0,3.0,3.0,3.5
635,307D618AF467,3.5,3.0,3.5,3.5,3.0,3.5
3819,FC33EC420C9E,3.0,2.5,2.5,2.5,2.5,2.0
188,0E3C1F059C31,3.0,3.0,3.5,3.5,3.5,3.0
2971,D57EBE64C7A2,2.0,2.0,3.0,2.0,2.5,2.0
2979,D5C7AA1266CC,3.0,3.5,3.5,3.5,3.5,3.0
15,01350DF42AED,2.0,2.0,2.0,2.0,2.0,2.0
3096,DBAE7F4F7837,3.0,3.0,3.5,3.0,3.5,3.5
2722,C8620D9D22DC,3.0,2.5,3.0,2.5,3.0,3.0
3799,FB1A86FB4BFC,3.0,3.5,3.0,3.0,3.5,3.5
3885,FF13996AB0B3,3.5,3.5,3.5,4.0,3.0,3.5
3474,ED937FC56246,3.5,3.5,3.5,3.5,3.5,3.0
177,0D807ABE1BB3,2.5,2.5,3.5,3.5,3.0,3.5
3226,E1AE7FDD072F,4.0,3.5,3.5,4.0,4.0,3.0
2625,C270D47D709B,3.0,2.5,2.5,3.5,2.5,3.0
2115,9E96EB0152A6,3.0,3.5,4.0,4.0,3.5,3.5
1587,791AF7B78178,3.0,3.5,3.0,3.5,3.0,3.5
1761,857B7FB712ED,2.5,2.0,3.0,2.5,2.5,2.0
3691,F737FB396F2E,2.5,2.5,2.5,2.5,3.0,3.0
3202,E0B4FCC6FD58,3.0,2.5,3.0,3.0,3.5,3.0
3803,FB5F33FEC99F,4.0,3.5,4.0,4.0,4.0,3.0
383,1D2C46F51793,2.5,3.0,3.0,2.5,3.0,3.0
3184,DFD93C26F453,2.0,2.5,3.0,3.0,3.5,2.5
3619,F440ECCF9E67,2.0,2.5,2.0,2.5,2.5,2.5
2906,D1D770AF6855,4.0,3.5,5.0,4.5,3.5,4.0
2875,D06C0F3D5553,3.5,3.0,3.0,3.0,3.0,3.5
2490,B948405746B5,4.0,4.0,4.0,3.5,2.5,3.0
2563,BE6A28051A30,3.0,2.0,2.5,2.5,2.0,3.5
159,0C1EDBE2EEC3,4.0,4.0,4.0,4.0,3.5,3.0
3267,E312449DF480,3.0,3.0,3.0,3.5,3.5,4.0
3800,FB2840C4B789,2.5,2.0,2.5,3.0,2.5,2.0
2188,A366CC7B0D05,4.0,3.5,4.0,3.5,3.5,3.5
1376,69FF884BCEA1,2.5,2.0,2.5,2.0,2.0,2.0
643,31490B1FA765,2.5,2.0,3.0,2.5,2.5,2.5
156,0BDADA3AFF77,3.0,3.0,3.0,3.0,3.0,3.5
2175,A28940CA5863,3.5,3.0,3.0,3.5,3.0,3.5
1248,605C1B4CE788,2.5,2.5,3.0,2.5,2.5,2.0
2085,9C9C4EECA979,3.0,3.0,2.5,3.0,2.5,3.5
104,07CE77EA56C5,5.0,5.0,5.0,5.0,4.5,4.5
1037,4F5775B0B88D,3.5,3.5,3.5,3.5,4.0,3.0
3105,DBF44F842C57,3.0,2.5,2.0,2.0,2.5,2.0
3258,E2E6984894BC,2.0,2.5,2.5,2.5,2.5,2.0
1632,7C08DA95AE9A,3.0,3.0,3.0,2.5,2.5,3.0
3229,E1B9CAF68CA7,4.0,3.0,3.5,3.5,3.5,4.0
1273,61B9D7E74839,2.5,2.5,3.0,2.0,2.5,2.0
3323,E6338A929654,4.5,4.0,4.0,4.0,3.5,3.5
519,279245CFCCF4,3.0,3.5,3.5,4.0,3.5,3.0
3579,F1CB29904BBD,2.5,3.0,2.5,3.0,2.5,2.5
3891,FF66DA76E15F,3.0,3.0,3.5,4.0,3.5,3.0
1347,67DD73D48474,2.5,2.5,3.0,2.5,2.5,3.0
677,344D7B1A7E49,3.5,4.0,3.5,3.0,3.0,4.0
1139,584C6453CA5A,2.5,3.0,2.0,2.5,3.0,2.5
3018,D84024335230,3.5,3.5,3.5,3.5,3.0,4.0
2094,9D9B85A82575,2.5,2.0,3.0,2.5,2.0,3.0
2619,C2343290CC89,2.5,3.0,3.5,3.5,4.0,3.0
1256,60CCF0F2DF38,3.0,3.5,3.0,3.5,3.5,3.5
405,1EB4D8BFB732,3.0,3.5,4.0,4.0,3.5,3.0
1128,57A750437C3A,4.0,3.0,4.0,3.0,3.0,3.0
3525,EFDC396D9F7A,2.5,2.5,3.0,3.0,2.5,2.0
483,24C508ED6FE2,3.0,3.0,3.5,2.5,3.0,3.0
2567,BEE8F91F40E7,3.5,2.5,3.5,3.5,3.5,3.5
1530,75B44E3CE6DD,4.0,4.0,3.5,3.5,3.5,3.5
3764,FA0619D6A0DF,4.0,4.0,4.0,4.0,4.0,3.5
918,46977B27324C,3.5,4.0,4.0,4.0,3.5,4.0
461,22D02123C65D,3.0,3.0,3.0,3.5,3.0,3.0
1590,7949A941BF0F,4.0,3.5,4.0,4.0,2.5,4.0
793,3DB503D247B3,3.0,3.5,3.5,4.0,3.5,3.0
245,120FE0B76D5C,3.5,3.5,3.5,3.0,4.0,4.0
1944,92E97E947628,3.5,3.0,3.0,3.5,3.0,3.5
2594,C05745235FE7,3.5,4.0,4.0,3.5,4.0,3.0
2329,AD19BF721C0F,2.5,2.5,3.5,2.5,3.0,3.0
710,36A5035117B4,3.0,3.0,2.5,2.5,3.0,3.0
1713,81D266D94D6D,4.5,4.0,4.5,5.0,3.5,5.0
493,25597135F582,3.5,3.5,4.0,3.5,3.5,3.5
2424,B407B3F81C9F,3.0,3.5,3.5,4.0,4.0,4.0
1362,68E75FD12673,4.0,4.0,3.0,3.5,4.0,4.0
3703,F79EB8CBE0FE,3.5,2.0,3.0,2.0,2.0,3.0
175,0D5DA97CCEAE,3.0,3.5,3.0,3.0,2.5,3.0
3689,F72B3EE2E414,3.5,2.5,3.0,2.5,3.0,3.5
2203,A46DA0EA4F5D,2.5,2.0,3.0,2.0,2.5,2.5
944,4843C41AAF24,3.0,3.0,3.0,3.0,3.5,3.0
678,34553E598A00,2.5,2.0,3.0,2.0,2.5,2.0
1887,8E5E6211E4D6,3.0,3.0,3.5,3.5,3.5,3.0
864,424005E31A04,3.0,4.0,4.0,3.0,3.0,3.0
2694,C693AA305835,3.0,3.0,3.0,3.5,3.0,3.0
2879,D0A218161D37,3.0,3.0,3.0,3.0,3.0,3.5
764,3B2DADB10DCA,3.0,3.5,3.0,2.5,2.5,2.5
923,46EC00DDBCF9,2.0,2.5,2.5,3.0,2.0,2.0
938,47DD29AF666C,3.0,2.0,2.5,2.0,2.0,2.0
1009,4D816E688FBD,3.5,3.0,3.0,3.0,2.0,3.5
3773,FA314E23647E,3.0,2.0,2.5,2.0,2.0,2.0
728,3821238FE334,3.5,3.0,3.5,2.5,3.0,2.5
3496,EEE6067CF9B5,2.0,2.0,2.5,2.5,2.5,2.5
1947,92F7DD653EFB,4.0,3.0,3.5,2.0,3.0,3.0
641,3134FDB9DB86,3.0,2.5,3.0,2.5,2.0,2.0
879,43AE9E4D0EFC,3.0,2.5,3.0,3.5,2.5,3.0
3318,E597A35FA323,2.0,2.5,2.5,2.5,2.5,2.5
3707,F7CBE1D11BF8,3.5,3.5,3.0,3.0,4.0,4.0
1412,6C991A1A6C39,2.0,2.0,2.0,2.0,2.5,3.0
3227,E1B279EE81AE,2.5,2.0,3.0,2.0,2.0,2.5
2658,C49F716838E7,3.5,3.5,3.0,3.5,3.0,3.0
2466,B76C582FA08B,3.0,3.0,3.0,3.0,3.0,3.5
1032,4EE0B81B9133,3.5,4.0,4.0,3.5,3.5,3.5
3041,D949A947DD92,3.0,3.0,3.5,3.0,3.0,3.5
1712,81B7A7CB8829,4.0,4.0,4.0,3.5,3.5,4.0
3704,F7B478DB88ED,3.5,3.5,4.0,3.5,4.0,3.5
1093,53CF6D801CAF,5.0,4.5,5.0,4.5,4.5,4.0
2682,C61946131A41,3.5,3.5,3.0,3.0,2.5,3.0
2672,C582EB969552,3.5,3.0,3.5,3.0,2.5,2.5
3042,D95A9CC4C62B,3.5,3.5,3.0,3.5,3.5,3.5
1148,5902C2E86345,3.0,3.0,2.5,3.0,2.0,3.0
589,2C8802241F51,2.5,2.5,2.5,2.5,3.5,2.5
3351,E7E6102C559E,2.5,2.5,4.0,3.0,2.5,2.5
1073,5241864FBC48,4.0,4.0,4.0,4.5,4.5,4.5
3542,F0BB52DD1DB6,3.0,4.0,4.0,3.5,3.0,3.0
880,43B0E1211D58,3.5,3.0,4.0,4.0,4.0,3.5
3238,E21BAA47A9F4,4.0,4.0,4.0,4.0,3.5,3.5
3404,E9FC757ED1E3,2.0,3.0,3.0,2.5,2.5,2.5
3195,E06EDBA28C44,3.5,3.0,3.0,2.0,2.0,2.5
618,2EC0647293F6,3.0,3.0,2.5,2.5,2.5,3.0
29,02B07248077F,2.5,2.0,3.0,2.0,2.5,2.0
2102,9DE684107A66,3.0,2.5,2.5,2.5,2.0,3.0
2165,A1CA2A691C98,3.0,4.0,4.0,4.0,3.5,3.5
1977,95671082C3A1,4.0,3.5,4.0,3.5,3.5,4.0
2794,CC2EC6C74865,4.0,3.0,4.0,4.0,3.0,4.0
1422,6D06DAD5446C,4.0,4.0,3.5,3.0,3.0,3.5
3870,FE7408E48786,4.0,4.0,3.5,4.0,3.5,3.5
228,10D60ACB3E5D,2.5,2.5,2.0,2.0,2.0,3.0
1791,876DD6D022A9,4.0,3.0,3.5,2.5,3.0,2.5
3610,F3A5981B0288,3.0,3.0,3.5,2.0,2.0,3.0
353,1AA55FB101FD,3.0,3.0,3.0,3.5,3.0,3.0
832,4025349AD977,3.0,4.0,3.5,3.0,3.5,3.5
3801,FB4D3D883D49,3.5,3.0,2.5,2.5,2.0,2.5
1367,692FAA1828D2,3.5,3.0,4.0,4.5,4.0,3.5
3170,DF058CBE24A6,3.0,3.0,3.5,3.0,2.5,3.0
2468,B794B3C07254,4.0,3.0,4.0,4.0,3.5,3.5
3512,EF6B8CD5EDE9,3.0,2.5,2.5,2.5,3.0,3.5
2793,CC24D88BEB8E,3.5,3.0,3.0,3.0,3.0,3.0
2064,9B5E142C63AC,4.0,4.5,4.0,4.5,4.5,4.5
2485,B8AD03895BE6,3.5,3.0,3.5,3.0,3.5,3.5
503,2637F9BEE7D3,2.5,2.5,2.5,3.0,2.5,2.0
1003,4D35A86F4929,2.5,2.0,3.0,2.5,3.0,2.0
3214,E110443F5184,2.5,2.5,3.0,3.0,2.5,2.5
1499,738112C600B8,3.0,3.5,4.0,3.5,3.5,3.0
113,08683001D359,2.0,2.0,2.5,3.0,2.5,2.0
722,37D67E614E05,2.0,3.0,3.0,3.0,3.0,4.0
3092,DB85B6DDB462,3.5,3.0,3.0,3.5,3.5,3.0
1385,6AB2B78CE0AF,3.0,3.5,4.0,4.0,3.5,3.5
2905,D1C5C7879A33,2.5,2.5,2.5,2.0,2.5,2.5
516,272CA21BAE13,3.5,3.0,3.0,3.0,2.5,2.5
3592,F2A721819364,3.0,3.0,3.5,3.5,3.5,3.5
1110,55AEC9A9BB4C,3.5,2.5,3.0,3.5,2.5,3.0
2172,A22EECAB91E9,3.5,2.5,3.0,3.0,2.5,3.5
1446,6EF7CBB46501,3.5,3.5,3.5,3.0,2.5,3.5
3250,E2687856AA7D,4.0,4.0,4.0,4.5,4.5,3.5
2104,9E1DFDF33C0B,3.5,3.0,3.0,3.5,4.0,3.5
2955,D43F13CE2638,3.5,3.0,4.0,4.0,3.5,3.5
44,03CC97D3747E,4.0,4.5,4.5,4.5,4.5,4.0
2980,D5C8C29F17D8,3.0,3.0,3.0,3.0,2.0,3.5
1826,89974AB1B1B1,3.5,3.5,4.0,3.5,4.0,4.0
425,205069BE2E53,2.0,2.5,3.0,3.0,3.0,2.0
3239,E21C97204867,3.5,4.0,3.0,3.0,3.5,3.5
2087,9CB69011AE54,2.5,2.0,2.5,3.0,2.0,2.0
1285,6269A525D482,4.0,3.5,3.0,3.5,3.5,4.0
1793,8773AAFA4355,3.5,3.5,3.5,3.5,3.5,4.0
2000,973A3ADFAB72,3.5,3.0,3.5,3.5,2.5,3.5
3566,F17DDEB77A2A,3.5,3.5,4.0,3.0,3.0,3.0
82,0607B495212F,2.0,2.5,3.0,2.0,3.0,3.0
995,4C1C3000E7C6,2.5,1.5,3.0,2.5,2.0,2.5
3448,EC3F3F26E635,2.5,2.0,3.0,2.5,3.0,3.0
2910,D22D2878F4C7,2.5,2.5,3.0,3.0,2.5,2.0
2404,B2C32E74812E,2.0,2.0,3.0,3.5,3.0,3.0
2209,A4C46FEBBCC4,3.5,3.0,3.0,2.5,3.5,3.0
2427,B469122B9ACB,2.0,2.0,3.0,2.5,2.5,2.0
2838,CE9843304D87,2.5,2.5,3.0,2.5,3.0,2.0
3804,FB68439D9CBA,3.0,3.0,3.0,2.5,2.0,3.0
2718,C825937F3BF1,3.0,3.5,3.5,3.5,3.5,4.0
2500,BA0D3D6A8A94,4.0,4.0,4.5,4.0,4.5,4.0
1371,698A3F2B43B9,4.0,3.0,4.0,3.5,3.5,3.0
456,227569D39F6D,3.5,3.0,3.0,3.0,2.5,3.5
2134,9FA1ED280D8E,3.0,2.5,2.5,2.5,3.0,2.5
1815,88FCD4D35128,3.5,3.0,3.0,3.0,3.0,3.0
3580,F1DF4F89F70D,3.5,3.0,3.0,3.0,3.5,3.0
655,32A1DC59F4EF,3.0,2.0,3.0,2.5,2.5,2.0
3255,E2C3F26AB94D,3.0,3.5,4.5,3.5,3.5,3.5
590,2C94D8BCF2F9,2.5,2.5,2.5,2.0,2.0,2.0
119,08FC0154E0EF,2.5,2.0,2.5,1.5,2.5,2.0
3373,E8B0698217A3,4.0,4.0,4.0,4.0,4.5,3.5
3442,EC047D97041F,2.0,2.5,2.5,2.5,2.5,2.0
1182,5BF6D0C37809,3.5,3.5,3.5,3.0,2.5,2.5
392,1DDA34D8E4D3,2.5,3.0,3.0,2.5,2.5,2.5
478,244973AE9715,5.0,4.5,5.0,4.5,5.0,4.0
909,45E5B6DE09E9,4.5,4.5,4.5,4.5,4.5,4.0
2626,C277BE295A41,3.5,3.5,3.5,3.5,4.5,3.5
132,0A3964629F69,2.5,3.0,2.0,2.5,2.5,2.0
1460,70B91D253E27,2.5,3.0,2.5,2.5,3.0,2.5
1212,5E3EA4C47C9A,4.0,4.0,3.0,3.5,3.5,3.0
1474,7203112033A1,3.5,3.5,3.5,3.5,3.5,4.0
723,37DD80EFE4D4,3.0,3.0,3.0,2.5,2.5,3.5
3849,FDA7648F8B49,2.5,2.0,2.0,2.0,2.0,2.0
1649,7D2D5053D947,3.5,3.0,3.5,4.0,2.5,3.5
3094,DB9BA6D8278F,3.0,3.0,3.0,3.0,3.0,3.5
653,327F36243259,4.0,3.0,3.5,4.0,4.0,3.5
1504,73A997703BC3,3.5,2.5,3.5,3.5,3.0,3.5
3598,F2C012ECBF9C,3.0,3.5,3.0,3.0,3.0,3.0
340,196EE083F6D0,2.5,2.0,2.5,2.5,2.5,2.0
3760,F9D0974B3AF7,2.5,2.5,3.0,3.0,2.5,2.5
2074,9BF717F45D68,3.0,3.0,3.0,2.5,3.5,3.0
2966,D5202DF530D1,2.5,3.0,2.5,2.5,3.0,3.0
2213,A5056E812783,2.5,3.0,3.0,2.0,2.5,2.5
906,4585DE769AE9,2.5,2.5,3.0,3.0,2.5,2.5
838,405CEC6E7F5D,3.0,3.5,4.0,3.5,3.5,3.5
3345,E792CBEB06C5,3.5,3.0,3.0,2.5,3.0,3.0
3276,E382BBC2D88E,3.0,2.5,3.0,3.0,3.0,3.0
731,387857083AAE,3.0,3.5,3.0,3.5,3.5,3.5
2809,CD506B5747F7,2.5,3.0,3.0,2.5,2.5,2.5
1426,6D2AFE5412CB,4.0,3.0,3.0,3.0,2.5,3.0
1687,806672A60686,3.0,2.0,2.5,3.0,2.0,2.5
1158,598C1E9B27C8,3.0,3.5,3.5,3.0,4.0,4.0
204,0F634E9B3E9C,3.0,3.0,3.0,2.5,2.5,2.5
438,2116231D1DC4,2.5,2.0,3.0,2.0,2.0,2.0
3350,E7DB2DC8B151,3.0,4.0,4.0,4.0,3.0,3.0
3222,E1920CC1D734,3.0,3.5,2.5,3.0,4.0,3.0
1354,682B94FF269B,2.5,2.5,3.0,3.5,3.5,2.5
1906,8F78E9AF1D0E,3.0,3.5,3.5,4.0,3.5,3.5
3537,F075F9AD2AA4,2.5,2.5,2.5,2.0,2.0,2.0
3690,F72EA674A872,3.5,3.0,3.0,3.5,3.5,3.5
812,3EEB66F3630C,2.5,2.5,2.5,2.0,2.5,2.0
303,163A54729CAA,3.0,3.0,3.0,4.0,3.5,3.0
2355,AF20176EB127,2.5,3.0,3.0,3.0,3.0,3.0
1839,8A8CC7624410,2.0,2.0,3.0,3.0,3.0,2.0
1264,6130E5495CB1,2.0,2.0,3.0,2.0,2.0,2.0
1951,93552F3ACA5D,4.5,4.5,4.0,4.5,4.5,4.0
3879,FEAF4F517583,3.5,3.0,3.0,3.0,3.0,3.5
390,1D944BF5BE87,4.5,4.5,4.0,4.0,4.5,4.0
3499,EEEEC24C9AE7,2.5,2.5,3.0,3.0,2.0,3.0
278,1451EA314B8A,4.5,4.0,4.5,4.0,3.5,3.5
232,10ECA491D66C,2.5,3.0,3.5,3.0,3.0,2.5
2241,A79D997C4B42,3.5,3.0,4.0,3.5,4.0,3.5
2242,A7CC5A46675A,4.0,3.5,4.0,4.0,4.0,3.5
3774,FA38957FCAF6,2.5,2.0,2.5,2.5,2.0,2.5
2588,BFE92DE70CA2,2.5,2.0,3.0,2.5,2.5,2.0
2019,987A42F72474,2.5,2.5,3.0,3.0,3.0,3.0
3040,D948703E8026,4.5,4.0,4.0,4.0,3.5,4.5
2972,D581D89A822A,3.5,3.0,3.5,3.0,3.5,4.0
636,30A7E68EFC88,2.5,2.5,2.0,2.5,3.0,3.0
784,3CDD56FF3477,5.0,3.5,4.0,3.5,3.0,4.0
3103,DBDE16551908,2.5,2.5,2.5,3.0,2.0,2.0
2275,AA1ED5376761,4.0,4.0,4.0,5.0,4.5,4.0
1794,8778DE7C8D0E,3.5,3.0,4.0,4.0,3.5,3.0
1017,4E0F689E099B,4.0,3.5,3.5,3.5,3.5,3.5
2447,B5AE26EEE247,4.0,3.5,3.5,3.5,3.5,3.5
1374,69C237AC88FF,2.5,3.5,3.0,2.5,2.5,3.0
3117,DC7961960711,2.0,2.5,3.0,2.5,2.0,2.5
8,009BCCC61C2A,3.0,3.0,3.5,3.5,3.0,3.0
3478,EDD899D4131D,2.5,3.0,3.5,3.0,3.0,3.0
162,0C699C871AA5,3.5,3.5,3.5,3.5,3.5,3.5
3434,EBCC0B6D36D0,2.5,2.5,3.0,2.5,2.0,2.5
1444,6EB1681A5880,3.5,2.5,3.0,3.5,3.0,3.0
359,1B622A28EDD9,4.0,3.5,4.5,4.0,3.5,3.5
486,24E7F271035B,3.0,4.0,4.0,4.0,4.5,4.5
13,00ED2563D0B1,3.5,3.0,3.5,3.5,3.5,4.0
2062,9B4C52064991,2.5,2.5,2.5,2.5,3.0,3.5
379,1CF3776F970D,3.5,2.5,3.5,3.0,3.0,3.5
294,15BD3759DC85,3.5,3.5,4.0,3.5,3.5,3.0
2909,D2035E3721BA,3.5,3.5,3.0,3.0,3.5,4.0
1063,519A1A92C8C8,3.0,2.5,3.0,2.5,3.0,2.5
1914,902341F8EB11,3.0,3.0,3.0,3.0,3.0,3.0
1055,5077C09B20DC,4.0,4.0,4.0,4.0,3.5,4.0
345,19DDF17CA4DC,3.5,3.5,3.0,3.5,3.5,3.0
2823,CDDAB6C29BF8,2.0,3.0,3.0,3.0,3.0,3.0
59,04B3A4DD9460,3.0,2.5,3.0,3.0,3.0,1.5
1573,785DBAB78957,2.5,2.5,3.5,3.0,3.0,2.0
963,49C5BCE4CD28,2.5,3.5,3.5,3.0,3.5,3.0
1074,524CD617574D,2.5,3.0,3.0,2.0,2.0,3.0
3893,FF7698C3CC8B,3.5,2.5,3.5,3.0,3.0,3.5
2936,D35A126B4379,3.0,3.5,3.5,4.5,3.5,3.5
3492,EEB58B11D40C,3.5,3.5,3.5,3.5,3.5,3.0
440,214EC21D1403,4.0,3.5,4.0,3.5,3.0,3.5
477,24050FFA49AE,3.0,3.0,3.5,3.5,4.0,3.0
3694,F747581D0782,4.0,4.0,4.0,4.0,3.5,3.5
715,371739A95793,2.0,2.0,3.0,3.0,2.0,2.0
2248,A84FFDD09442,3.0,2.0,3.5,3.0,2.5,3.0
3427,EB1500B8EA75,2.5,2.0,3.0,3.0,2.0,2.0
1529,75AA6229A116,2.5,3.0,3.0,2.5,3.0,2.5
125,0985602832CD,2.0,2.5,3.0,3.0,3.0,2.5
2472,B7F56382EF7D,3.0,3.5,4.0,4.0,3.0,4.0
1990,9685DD18847A,4.0,3.5,4.0,4.0,3.0,3.5
391,1DB195AA7BE3,2.0,2.5,2.0,2.0,1.5,2.0
220,109D8D4A91FC,3.5,3.0,3.5,4.0,3.0,2.5
2453,B6B85CE5C8F5,3.5,3.5,4.5,3.5,3.5,3.5
1041,4F89EB8CB97F,2.5,2.5,3.0,3.0,3.0,3.0
568,2B66CE2870AD,2.5,2.5,3.0,2.5,2.5,3.0
813,3EEEF86719CD,3.5,4.0,3.5,4.0,4.0,3.0
3126,DCE760033193,2.5,2.0,3.0,2.0,2.0,3.0
3336,E7328989C861,2.0,2.5,3.0,2.5,2.5,2.5
2663,C4CFCB3B7F13,2.0,2.0,2.5,2.5,2.0,3.0
1994,9702AD260172,4.0,3.0,3.0,3.0,3.0,3.5
1894,8ED2404D111E,2.0,3.0,2.5,2.0,2.0,3.0
3313,E56AA3BD89AD,3.5,3.0,3.0,3.5,3.5,2.5
1626,7B5F5B33B566,3.0,3.0,4.0,3.5,3.0,3.0
1025,4E7DD441DAC8,2.5,3.0,2.5,2.5,3.0,2.0
1554,776FBF88E6FF,1.5,1.5,2.0,2.0,1.0,1.0
2111,9E753C182039,3.0,3.5,3.0,3.0,3.5,3.0
3735,F8C7B0C9F064,2.5,3.5,3.0,3.0,2.5,3.0
3548,F123CF0BF9DB,2.0,2.5,2.5,2.0,2.0,2.0
3780,FA5998D50575,3.0,2.5,3.0,3.0,2.0,2.5
855,41D9E5A1342B,2.0,2.0,2.0,2.0,2.0,2.5
2551,BDA166D1989A,4.5,4.5,4.5,4.5,4.5,4.5
3810,FBC269A9D3AE,3.0,3.0,3.5,3.5,2.5,3.0
2950,D401F5D87E45,3.0,3.0,3.5,3.0,3.5,4.0
819,3F3DC123EDF6,4.0,3.5,4.0,3.5,3.5,4.5
2271,A9E9851F3E7E,4.0,3.5,3.5,3.5,4.0,3.5
2973,D58980F5EC66,3.5,3.0,3.5,4.0,3.5,3.5
455,2265CC4410DE,3.5,3.0,4.0,4.0,4.0,3.5
1656,7DBE22D9F0DA,2.5,2.0,3.0,2.5,3.0,2.0
20,017D2125A1DE,2.5,2.5,3.0,2.0,2.0,2.5
415,1FAC31F5C8DC,4.0,4.0,3.5,3.5,3.0,3.0
194,0EC392C06372,3.5,3.0,3.5,2.5,2.5,2.5
2033,997098762F7E,2.0,3.0,2.5,2.5,2.0,2.0
3895,FF7FE6BD8509,3.5,3.5,3.5,3.5,3.5,3.5
1658,7DDFB0CA2BF8,2.5,3.0,3.0,2.5,3.0,3.0
3073,DA92389BB8F0,2.0,2.0,2.0,2.0,2.0,2.0
1454,70041E13A0CC,3.0,3.5,3.0,3.0,2.5,2.5
2381,B0CDBB24465F,3.0,3.5,3.5,4.0,3.5,3.5
2554,BDC0340D4BD5,4.5,3.5,4.0,4.0,4.0,4.5
3025,D8934CA35801,2.0,2.0,3.0,2.5,3.0,2.5
1746,840D73A3804A,3.5,3.0,3.5,4.0,3.5,3.0
579,2BFB0A8F50E1,4.0,3.0,4.0,3.0,3.0,3.5
3538,F07EB7B6F40E,4.0,4.0,3.5,3.5,3.0,3.5
48,0435196871A1,3.0,3.0,2.5,2.0,2.5,2.5
803,3E500A5390C1,2.0,2.5,3.0,2.5,2.5,2.5
1735,833F25175AFC,2.5,3.0,2.5,3.0,3.0,2.5
585,2C681168A674,3.0,2.0,2.5,3.0,2.5,2.5
3087,DB34A89420F2,2.5,3.0,3.0,2.5,3.5,3.0
1235,5F8F76B7A6FD,3.0,3.0,3.0,3.0,3.0,3.0
3364,E8485EFFC9A2,3.5,3.0,3.5,2.5,4.0,3.0
3754,F998E8BD71CF,3.0,3.0,4.0,4.0,3.0,3.5
1961,940441D4CF9C,3.0,3.5,3.5,3.5,2.5,2.5
2052,9ABF7B48B802,3.0,2.5,3.0,3.5,2.5,3.0
964,49CBF98C0292,2.5,2.0,2.5,2.5,2.0,2.0
1315,65131EC5DD6A,2.5,3.0,3.0,2.0,2.0,3.0
1147,58F6D70A2DC7,3.5,3.5,3.0,3.0,3.5,3.5
286,1535E922B3AA,3.5,3.5,3.5,4.0,3.0,4.0
2621,C255CCC30A3E,2.5,2.5,2.5,2.0,2.0,2.0
2645,C3F3118898B5,4.5,4.0,3.5,4.0,4.0,4.5
3888,FF2B30052436,2.0,2.5,3.0,2.5,3.0,3.0
1230,5F5E1817CCA0,3.0,3.5,3.0,3.0,3.0,3.0
1099,548EC5B339E3,3.0,3.5,3.5,3.0,3.5,3.0
3382,E8EE54F7A2AD,3.0,2.5,3.0,3.0,2.5,2.5
795,3DC539E4E871,3.0,2.0,2.5,3.0,2.5,3.0
1824,89863E1AF982,3.5,3.5,3.5,3.0,3.0,3.5
285,15125AF6CB82,3.0,3.0,3.5,3.5,2.5,3.0
2795,CC30C03474B1,2.0,2.5,3.0,3.0,3.0,2.0
1195,5C9B1FB411EB,3.5,3.0,3.0,3.5,3.0,3.5
315,1703E46B4DC9,4.5,4.0,4.5,4.0,4.0,4.0
1210,5DD1954E47A8,4.0,3.0,3.5,3.5,3.5,3.5
133,0A4CDC286F8C,2.5,2.5,2.5,3.0,3.0,2.5
2828,CE19B516A167,2.5,2.0,2.5,3.0,2.5,2.5
2740,C97C2190DB65,4.0,4.5,4.0,4.5,3.5,4.0
2478,B84EF55EE7F0,2.5,2.5,3.0,2.5,3.0,3.0
1399,6BDF73E50719,2.0,2.0,2.0,2.0,2.0,2.5
1592,79786E273D1A,3.5,3.0,3.0,3.0,3.5,2.0
949,48AC182E4ADC,4.5,4.0,3.5,4.0,4.5,4.5
2284,AAD6A5CBDDB9,3.0,3.5,4.0,4.0,4.0,3.0
2770,CB2F9A2B612B,3.5,3.0,3.0,3.5,4.0,3.0
1458,709156BCF733,3.5,3.5,3.0,3.0,4.5,3.5
1648,7D1825E2F4AD,3.5,2.5,2.5,2.5,3.0,3.0
344,19D55405175F,3.5,4.0,4.0,4.0,3.5,4.0
3790,FAAFFC983E47,2.5,3.0,2.5,2.0,2.0,2.0
442,2157AE4AFAA6,4.0,4.0,3.5,3.5,3.0,3.0
3868,FE700406E7D4,3.0,2.5,2.0,2.5,2.5,3.0
2846,CEE41F7526FA,3.0,3.0,3.0,2.5,3.0,3.5
3183,DFCF2A3BE972,3.5,3.0,3.0,3.0,2.5,3.0
1245,603863409B06,3.5,3.0,3.5,3.5,3.0,4.0
2887,D139A5C53DE9,4.0,4.0,4.0,4.0,2.5,3.5
1765,85C54BD4D416,4.5,5.0,5.0,4.5,5.0,5.0
200,0F32DDCBECB6,4.0,3.5,3.5,3.5,3.0,3.0
3708,F7CC31D47F06,3.5,3.0,3.0,3.5,3.5,3.5
2484,B8961D64A158,3.0,3.0,3.0,3.0,3.0,2.0
3268,E31B2A06C28C,3.0,3.0,3.0,3.0,2.5,3.0
772,3BDF36560245,2.5,2.5,3.0,2.5,2.0,2.5
3660,F5CB9849B913,2.5,3.0,4.0,3.5,3.0,3.0
2409,B31D05A5A9CB,3.5,4.0,3.0,3.0,3.5,3.0
3721,F84E5DEFC874,3.0,3.5,3.5,3.5,3.0,4.0
2945,D3A6B04B54A9,3.5,3.5,3.5,3.5,2.5,2.5
1430,6D7377CA8608,3.5,3.0,3.5,2.5,3.0,2.5
1553,7740DF009E10,4.0,3.5,4.0,3.0,3.0,3.0
2318,ACA1A45EE438,4.0,3.0,3.0,4.0,4.0,4.0
2359,AF71C89CD199,2.5,3.0,3.0,3.0,2.5,3.5
3241,E22AC96B8B1D,2.5,3.0,3.0,2.5,3.0,3.0
657,32E2949B0C66,3.0,3.0,3.0,3.0,3.5,3.5
3189,E04208981449,3.0,3.0,4.0,3.5,3.0,3.5
2196,A3C5DE6588D0,4.0,3.5,3.5,3.5,3.5,4.0
1927,911DD337DD61,3.5,4.5,4.0,4.0,3.5,4.0
3385,E91431653DE3,3.0,2.5,3.0,2.5,2.5,2.5
2243,A7CEC076632B,2.5,3.5,3.0,3.0,3.0,3.0
413,1F7FD80F4396,2.0,3.0,3.0,2.0,2.5,2.5
2620,C24F3DD7A37E,3.5,3.5,4.0,4.0,3.0,3.5
2573,BF267B42A2A4,3.0,3.0,3.0,3.5,3.5,3.5
1260,60E9300D597C,3.0,2.5,3.0,3.0,2.0,3.0
300,161779A176BD,4.5,4.0,4.5,4.0,3.5,4.0
128,09EC2F6B0D24,2.0,3.0,3.0,2.5,3.0,2.5
1054,506A69171959,4.0,3.5,3.0,3.0,3.0,4.0
2702,C70AEFA3CD16,3.0,2.5,3.5,2.5,3.0,3.0
1105,5564D9D8C845,4.5,4.5,4.5,4.5,4.5,5.0
2638,C37595A8AE16,2.5,2.5,2.0,2.0,2.5,2.0
2368,AFD325C9347D,4.0,3.0,3.0,3.0,3.0,3.0
1334,6686DB25FBD0,2.5,3.0,3.5,3.5,3.0,3.5
651,327AAC23CF5D,2.5,2.0,2.0,2.0,2.0,2.0
3047,D9AAEE4C9BCC,3.5,3.5,2.5,3.0,3.0,3.0
2954,D42B99110E5C,2.5,2.0,3.0,3.0,2.5,2.5
1845,8AF043C98622,3.0,2.5,2.5,2.0,3.0,3.0
366,1BE17E2DA549,2.5,2.5,3.0,2.5,3.0,2.0
3005,D7766B98F761,4.5,4.0,4.0,4.0,4.0,4.0
2644,C3E8D00403D9,3.5,3.5,3.5,3.5,4.0,3.5
3813,FBE8983EF69C,4.0,4.5,4.5,4.5,4.5,4.0
2686,C655195F667C,3.5,3.0,3.5,3.0,3.0,3.5
1411,6C98327DA084,3.5,3.5,3.0,4.0,3.5,3.0
3048,D9B44BD44222,3.0,2.5,3.0,2.5,2.0,3.0
1263,610FA0016255,3.5,3.0,2.5,3.0,3.0,3.0
458,2299FA736E92,4.0,3.0,3.5,4.0,3.0,4.0
2883,D0D7C3A056CE,3.0,2.5,3.0,3.5,3.5,3.0
1012,4DBC5B5272FF,4.0,3.5,3.5,3.0,3.5,3.5
1240,5FE4F223CEA8,3.0,2.5,2.5,3.0,3.0,2.5
3588,F2649F7F089F,2.5,2.0,2.5,2.5,2.0,2.0
3194,E069D2A8AE1E,4.0,4.0,4.0,4.0,3.5,4.0
3411,EA42A6028804,3.5,3.5,3.5,3.0,3.0,3.5
87,063F809DE304,2.5,2.0,3.0,2.5,3.0,2.0
1857,8BFBF3BB5542,2.0,2.0,2.5,2.0,2.0,2.5
1569,782678016796,3.5,3.0,3.0,2.5,3.0,3.5
1512,746A0BFABA84,4.0,4.5,4.0,4.0,4.5,3.5
272,13C400DD9794,2.0,2.0,2.0,2.0,2.0,2.0
1018,4E0FDE02216A,3.0,3.0,3.5,3.5,4.0,3.5
2459,B7075CD10BCC,2.5,2.5,3.5,3.0,3.0,3.0
1543,768FA278A16D,2.0,2.0,2.5,3.0,2.0,2.0
876,4353BF70C4A3,3.5,3.0,3.0,3.5,4.0,4.0
161,0C30A2A5D998,3.0,2.5,2.5,2.0,2.0,2.5
249,125CD13D5FA4,3.0,3.5,3.5,3.5,3.0,3.0
980,4B0CF2CFCB4A,3.0,3.0,3.0,2.0,2.5,3.0
3636,F4EA60BCBC2C,2.5,3.0,3.0,3.0,3.0,2.5
2143,A02E1D0BEACF,3.5,3.0,4.0,4.0,3.0,3.0
3684,F6DEF203DCD1,3.5,3.5,3.5,3.0,3.0,2.5
1142,589CEB00ED37,3.5,3.5,4.0,3.5,3.0,3.0
3053,D9E77CD4506B,2.5,2.0,3.0,3.0,2.0,2.5
1976,95540EBC3FC9,2.5,2.5,2.5,2.0,2.5,3.0
3370,E897534557AF,2.5,3.0,3.0,3.0,3.0,2.5
3867,FE6EC11C8877,3.5,3.5,3.0,3.0,2.5,3.5
139,0ACB3F8B9DF8,3.0,3.0,3.0,3.0,3.5,3.0
574,2BA422F3619F,3.0,3.5,3.0,3.0,2.5,2.0
1618,7B0430EDACBA,4.0,3.0,3.5,3.5,3.5,3.5
1991,96A7646236BF,3.5,2.5,4.0,3.0,3.0,4.0
773,3BE469553D75,2.5,2.5,3.5,3.0,2.5,3.5
2696,C6B1B7E91EE8,3.0,2.5,4.0,3.5,3.5,2.5
2420,B3B9D116021C,3.5,4.0,3.5,3.5,3.5,3.5
792,3DAC64829E27,3.0,3.5,3.0,3.0,3.5,2.5
1000,4CB787139508,4.0,3.0,2.5,3.0,4.0,3.0
2612,C1C75CB3BB17,3.0,2.5,3.0,2.5,3.0,3.0
789,3D72844EC5B0,2.0,2.5,3.0,2.0,2.0,2.5
3059,DA00F2B25B8C,3.5,3.0,3.5,3.5,2.5,3.0
3457,ECC9E84CD3D1,3.0,3.0,3.0,2.0,4.0,3.5
2726,C8A3B0D8B7E5,2.5,2.5,3.0,3.0,2.0,2.0
1751,8476588805D9,2.5,3.5,3.0,3.0,2.5,3.5
2947,D3C9A3C2BB08,3.0,4.0,3.5,3.0,3.0,3.0
1766,85C71A1E0117,2.5,2.0,3.0,2.0,2.5,2.5
3151,DE20CFA52C1D,4.0,3.5,4.5,4.0,3.5,4.0
80,05F30981F3EB,3.5,4.0,3.5,3.5,3.0,3.0
270,13A94BBE2B24,4.0,3.5,3.5,3.5,3.5,3.0
2992,D68907DB12ED,3.5,3.5,3.5,4.0,3.5,4.0
475,23F0ABEF8370,2.5,2.5,2.5,2.0,2.0,2.0
3564,F17A4EF296EB,3.0,2.5,3.0,3.0,3.0,2.5
893,44D395C2AD83,4.0,3.5,3.0,3.5,3.0,3.5
2497,B9BA0955819D,3.5,3.5,3.5,3.5,3.5,4.0
1509,73F2515B5BCE,3.0,3.0,3.0,3.5,3.5,3.5
3035,D93895A285B0,3.0,3.0,3.5,3.5,3.0,4.0
3752,F98F9BA65DFB,2.5,2.0,3.0,2.5,2.5,2.0
3887,FF197A6B15B2,3.0,2.5,3.0,2.5,3.0,2.5
1091,53633B5F5F15,4.0,3.5,4.0,3.5,4.0,4.0
3203,E0B86027C5C5,3.0,3.5,3.5,3.5,3.0,3.0
512,26E2AD762E9B,3.0,2.5,3.0,2.5,3.0,3.5
810,3EA2BA9DAB33,2.5,2.0,2.0,2.0,2.5,2.5
3248,E25FE9E05F36,4.5,4.5,4.5,4.0,3.5,4.0
2590,BFEE2D5C0FDC,2.0,3.0,2.5,2.0,2.0,2.5
815,3F1ED9A56002,2.5,3.5,3.0,3.5,3.0,3.5
2287,AAF42F8A396F,3.5,3.5,3.0,3.5,3.0,3.0
3612,F3B7C2480747,2.5,2.5,2.5,2.5,2.0,2.0
3695,F758E275C993,3.5,3.0,4.0,3.5,3.5,3.5
3655,F591A84185A4,4.0,3.0,4.0,4.0,3.5,3.5
2100,9DD22B9D10F4,4.5,4.0,4.0,4.0,4.5,4.0
2981,D5E3716C5E49,3.5,4.0,4.0,3.5,3.0,4.0
2985,D6278021E119,2.5,3.0,3.5,3.0,3.0,3.0
3725,F86CA3BFAB20,2.5,3.0,3.0,3.5,3.5,3.0
309,16B45E8AA9F3,3.0,3.0,3.5,3.0,2.5,3.0
2412,B3493FBE6476,4.0,4.0,3.5,4.0,3.5,4.0
1981,9613CEAFE86E,3.5,4.0,3.5,3.5,3.5,4.0
2160,A18B82F7407B,4.0,4.0,3.5,4.0,4.0,3.0
2095,9DA131E0F720,3.5,3.5,3.0,3.0,3.5,3.5
1539,7658C61156C7,4.0,4.0,3.5,3.5,3.0,3.0
1538,763EF698F56B,2.5,2.5,3.0,2.0,2.0,3.0
892,44C1594D0950,4.0,3.5,4.0,3.5,3.0,3.5
2736,C954A6D0B707,3.0,3.5,2.5,3.0,4.0,3.0
1188,5C3757B0C6AE,3.0,3.0,3.5,3.5,3.0,3.5
2281,AA8DA5629CBC,2.5,2.0,2.5,3.0,3.0,2.0
2537,BC4A0CFD6CAF,3.5,3.5,3.5,3.0,3.0,3.5
1417,6CD1B8B6BEA8,3.5,3.5,3.0,3.5,3.5,3.0
198,0EEE49F99224,2.5,2.5,2.5,3.5,2.5,2.5
2456,B6EB1835EBE0,2.0,2.0,2.5,2.0,2.0,2.0
2464,B7468C4DD17C,3.5,3.5,4.0,3.5,3.0,4.0
431,20A42E81AC2B,2.5,2.5,2.0,2.0,2.0,2.5
2133,9F9C42BD3B7A,4.0,4.0,4.5,4.5,4.5,4.5
3476,EDA0DCA3FC41,4.0,4.0,4.0,4.0,5.0,5.0
106,07DFD9A0986B,2.5,2.5,3.0,3.0,2.5,2.0
1039,4F75DF4CEBE9,2.5,3.0,3.0,2.0,2.0,2.5
1725,82CCCAD3BA5B,3.5,2.5,3.0,3.0,2.5,2.5
1678,7F6795CE405C,3.0,2.5,3.0,3.0,2.0,3.5
2369,AFE6CAE937D8,2.5,2.0,3.0,2.0,2.5,2.5
2844,CEC71375C061,2.0,2.0,2.5,2.5,3.0,2.0
1339,66FF0907BF26,3.0,3.0,3.5,3.5,4.0,3.0
2774,CB71E5F9AE1E,2.5,3.0,3.0,3.5,3.0,3.0
3285,E429DAB69106,4.0,3.5,3.5,3.5,3.0,3.0
3526,EFE2BC73A573,3.0,2.5,3.0,2.5,2.0,3.0
310,16B9EB49892E,2.5,2.5,2.5,2.0,2.5,2.0
2525,BB8064D7B327,4.0,4.0,3.5,4.0,3.5,3.5
1588,7921F1381801,3.0,3.5,3.5,3.5,4.0,3.0
1096,54099C3AE7CE,3.5,3.5,3.0,3.5,3.5,3.0
642,3137C16C109D,2.0,2.0,2.0,2.0,2.0,2.0
2990,D679B3291B9C,3.5,3.0,3.5,3.5,3.5,3.5
3149,DE0F5C13960F,4.0,3.0,4.0,4.0,3.0,3.5
2223,A5E657C1B23A,3.5,4.0,4.0,4.0,3.0,4.0
3750,F95CE6B81C75,3.5,3.5,4.0,4.0,3.5,3.5
2465,B7626C8D1FAB,3.0,3.5,3.5,3.0,3.5,3.0
3545,F0EECEC5C84B,4.0,3.0,3.0,3.0,3.5,3.5
3854,FDF7C4F4BC4D,2.5,3.0,3.0,3.5,3.0,3.0
3173,DF193A9E1C5A,3.0,3.0,3.0,2.0,2.0,2.5
3315,E56D7CC27444,3.5,4.0,3.5,3.0,3.0,4.0
2785,CBF13C6D3FFC,3.0,2.5,3.0,3.0,2.5,2.5
2082,9C76CF46D791,4.5,3.5,3.5,4.0,5.0,4.0
101,079FDB42E429,2.5,3.0,3.5,3.5,3.0,3.5
2043,9A0BAE46C6B4,2.5,3.0,3.0,3.0,3.0,3.0
3240,E21D14227555,3.5,3.5,3.5,3.5,3.5,3.0
1901,8F1F5D0CEA06,2.5,3.5,3.5,2.5,3.0,2.5
1683,7FF6972B86C2,3.0,4.0,3.5,3.5,3.5,4.0
2158,A1196779A15B,4.0,3.5,4.0,4.5,3.5,4.0
506,265FCDBBF0C1,2.5,3.0,3.0,3.0,3.0,3.0
3614,F3E0762BFA43,3.0,3.0,3.0,2.5,3.0,2.5
2858,CF961DD37C82,3.5,3.0,4.0,3.5,3.0,4.0
1175,5AEAF1C7B87C,3.0,3.0,2.5,2.5,3.0,2.5
3483,EE3E133A2D55,3.5,3.5,3.0,3.5,3.0,3.5
2507,BA6FC6ECE68E,4.0,4.0,3.5,4.0,5.0,4.0
147,0B3118834B72,4.0,3.0,3.0,3.5,3.5,3.5
3324,E6346D434004,3.5,3.5,4.0,3.5,3.5,3.5
1786,87669696162F,3.5,4.0,3.0,3.0,4.0,3.0
2765,CAAB28864F44,3.5,3.0,3.0,3.0,3.5,2.0
1145,58EBDB3621E5,4.0,3.5,4.0,4.0,3.5,4.0
312,16C794A0F479,3.0,3.0,3.0,3.0,3.0,2.5
3271,E353A05E7C8C,2.5,2.5,3.0,2.5,3.0,3.5
2390,B1BF25C4C28B,4.0,3.5,4.0,3.5,3.5,4.0
3367,E8795A1AA404,3.0,2.5,3.5,3.5,3.0,3.5
2841,CEC1115B69DB,3.5,2.5,3.0,3.0,3.0,2.5
2964,D4A0BB487395,3.0,2.5,3.0,3.0,2.5,2.5
2330,AD28F2915402,3.0,3.5,3.0,3.5,3.5,3.0
1639,7C6ED140EF65,3.0,3.5,3.0,4.0,3.5,2.5
3401,E9CE67114F63,3.0,3.5,4.0,4.0,3.5,3.0
55,04788D56AC58,3.5,3.0,3.0,3.0,3.5,3.0
1677,7F4706C105DE,4.0,3.0,3.5,3.5,3.5,3.0
1067,51DA4BA94C7C,4.0,3.5,3.5,3.5,4.0,4.5
3718,F82EFD88E2BE,3.5,2.5,4.0,3.5,3.5,3.0
1335,66C2FA45A48B,3.5,3.0,3.0,3.0,3.0,2.5
255,128161F8B117,3.0,3.0,3.0,3.0,3.0,3.0
2147,A0A2D6856B0E,2.5,2.5,3.0,3.0,2.5,3.0
2653,C454239AC43D,4.0,3.0,3.5,4.0,3.5,4.0
3839,FD22ECF287BD,4.5,4.0,4.0,4.0,4.0,4.0
335,18FDAA0BF6A2,3.0,3.5,3.0,4.0,3.0,3.0
2114,9E8F3C6405CA,3.0,2.0,3.0,3.5,3.0,3.0
1942,92CD1BD0C18F,3.0,3.0,3.5,3.5,2.5,3.5
2029,992DB55B9726,2.5,2.5,3.0,3.0,2.5,2.5
2426,B459B5B87707,2.5,3.5,3.5,3.0,3.0,3.0
1880,8DCC1AC9A8EA,3.5,3.0,3.0,2.5,2.5,3.0
1029,4EB117877F23,4.0,4.0,3.5,4.0,3.5,3.0
583,2C4DE9FD3734,3.5,3.0,4.0,3.0,3.5,3.0
3820,FC343CFBE807,4.0,3.5,4.0,4.0,3.0,4.0
2791,CC11E4C2FE01,3.0,3.0,3.0,4.0,3.5,3.5
1628,7B802407D629,3.0,3.0,3.0,3.0,3.5,3.0
1866,8C645419E1B4,3.0,4.0,3.5,4.0,4.0,4.0
1884,8E10DA6F8DE9,2.0,2.5,3.0,2.5,2.5,2.5
3307,E52C094A1DAA,3.0,3.5,3.5,3.0,3.5,3.0
2144,A04B4B412DB3,3.5,3.5,4.0,4.0,4.0,3.5
208,0F84CCFB4982,2.0,2.0,3.0,3.0,2.0,2.0
724,380164B1BAB5,4.0,4.0,4.0,4.0,4.0,4.5
19,01794F5F1423,3.0,3.5,3.0,3.5,4.0,3.0
54,046ECC91332C,3.5,3.0,3.5,3.5,3.5,4.0
1088,5355F44A1FE4,2.5,2.5,2.5,2.0,2.0,2.0
3711,F7DC6C783239,3.5,4.0,4.0,4.0,3.5,4.0
1537,762839543BFC,2.0,2.0,2.5,2.0,2.0,2.0
2689,C65705E1E072,2.0,2.0,3.0,2.5,2.5,3.0
2347,AE370D914104,3.0,3.0,3.5,3.0,3.0,4.0
2130,9F7610DBE2DC,3.0,3.0,2.5,2.5,3.5,3.5
3038,D940E4357737,3.5,4.0,3.0,4.0,4.0,3.0
2037,99A3641592CA,3.0,3.0,3.0,3.0,2.5,3.0
1568,7820048B53C8,3.0,2.5,3.0,3.0,3.5,3.5
2357,AF4A2E8AD2A5,4.0,4.0,4.0,4.0,4.5,4.0
2552,BDA991AF3ABE,3.5,3.5,4.0,4.0,3.5,3.5
3484,EE58A33AD551,3.0,3.0,3.0,3.0,2.0,2.5
2262,A9544F0E8868,3.5,4.5,4.0,3.5,4.0,4.0
3230,E1CAFEEB258E,2.5,3.0,3.0,3.0,2.5,2.5
3251,E28221F47AE3,4.0,3.5,3.5,3.0,3.0,3.5
1076,526E417A97BD,3.5,4.0,3.5,4.0,4.0,4.0
3371,E89C57CE37A6,2.5,2.5,2.5,2.5,2.5,2.5
1528,75A20F93C2C4,1.5,1.5,1.5,1.0,1.0,1.0
2207,A4A90A401002,3.0,3.5,3.5,4.0,3.5,4.0
1676,7F336F4B9442,2.5,2.5,3.0,3.0,2.0,2.5
3905,FFCDB2524616,2.5,3.0,3.0,4.0,3.5,3.0
978,4ACFA2D3D0A1,3.0,3.5,3.5,3.5,2.5,3.0
2600,C0EAFCE50675,2.5,2.0,3.0,3.0,3.0,3.0
1661,7E29ACA46157,3.0,3.5,3.0,3.5,2.5,3.0
2385,B110268BBFEC,2.5,3.0,3.5,3.0,3.5,3.5
479,245B5CD11772,2.5,2.5,3.5,3.5,3.5,2.5
974,4A9DB943D7D5,3.5,3.5,4.0,4.0,3.5,4.5
726,3816B67C0B31,3.0,2.5,3.0,3.5,3.0,2.5
3049,D9B51C663A5F,2.0,3.0,2.5,3.0,2.5,3.0
2804,CCDD77656701,3.0,3.5,3.0,3.0,3.5,3.5
3410,EA40087521CC,3.0,3.0,3.5,3.5,2.5,2.5
2601,C12DEB504856,2.0,2.0,2.0,2.0,2.5,2.5
2605,C168D81A3425,3.0,3.0,3.0,2.5,2.0,2.5
2320,ACAE11A04F63,2.5,2.5,3.5,3.0,2.5,2.5
2113,9E8984D81AC3,2.5,3.5,3.5,3.5,3.0,3.0
2316,AC9719A6A375,3.0,3.0,4.0,3.0,3.5,3.0
561,2ACFD4F32565,3.0,3.0,3.0,3.0,3.0,2.5
205,0F7900292BB6,4.0,3.0,3.5,2.5,3.0,2.5
3159,DE8EAEAC72D9,3.0,3.0,3.0,3.0,3.0,2.5
2678,C5E4E48AB704,2.0,2.5,2.0,2.5,2.0,2.0
3677,F673BCEC3BD1,4.5,4.0,4.5,4.5,3.5,4.0
2350,AECE763751DB,3.5,3.0,3.5,2.5,3.0,3.0
89,06737289651D,2.0,2.0,3.0,2.5,2.5,2.0
644,314E6ED40C6A,3.0,3.0,2.5,2.5,2.5,3.0
760,3ACDDFC9DD0C,2.5,3.0,2.5,2.5,2.5,3.0
1050,50419253BA19,3.5,3.0,3.0,3.0,3.0,3.5
2225,A5F6E232286C,3.5,2.5,3.5,4.0,4.0,3.0
823,3F722ACC887E,2.0,2.5,2.5,3.0,2.5,2.5
1234,5F88187C25B8,3.0,3.0,3.0,3.0,2.5,3.0
1893,8EB2AF12FA77,3.0,3.5,3.5,3.0,3.5,3.5
2746,CA10EA3EB6FD,4.0,4.0,4.0,4.0,4.0,4.0
1520,750184492A96,3.0,2.5,2.5,3.0,2.5,3.5
3031,D9130F5402F6,3.0,3.0,3.5,3.5,4.0,3.0
3058,D9FC1CDE9B10,3.0,3.0,3.0,3.0,2.5,2.5
143,0AFC8CE27321,4.5,5.0,4.5,5.0,5.0,4.5
785,3CED6DDF77BE,4.5,3.5,4.5,4.5,3.5,4.0
2050,9A96A89DF959,4.0,3.0,3.5,3.5,4.0,3.0
1864,8C44127FF83C,2.5,3.0,3.5,3.0,3.0,3.5
2156,A10755158FEF,2.0,3.0,3.0,3.0,3.0,2.5
2408,B3145EA3395B,2.5,3.0,2.5,2.5,2.0,2.0
3739,F8FE41D805D0,4.0,4.0,3.5,4.0,3.0,3.0
171,0D00750E249B,3.0,3.0,2.5,2.0,2.0,3.0
412,1F50675D8683,3.0,3.0,3.0,3.0,3.5,3.0
2382,B0D627CB7309,4.5,4.5,4.5,4.5,5.0,5.0
416,1FACF7E8D0A7,3.5,3.5,3.0,3.5,3.5,3.5
2430,B49D86AC2062,3.0,3.0,3.0,3.5,4.0,3.0
1294,631F9CBDFD7A,3.5,3.0,3.5,3.5,4.0,3.0
3402,E9E68651B168,3.5,4.0,3.5,4.0,4.0,4.0
3461,ECF0CBAE7E06,3.5,3.0,3.0,3.5,4.0,3.0
364,1BC40A063549,3.5,3.0,2.5,2.5,3.0,3.0
2869,D0211302AE30,2.5,3.5,4.0,3.5,3.0,3.5
740,3904D0B954A3,3.5,3.0,3.5,3.5,3.5,3.5
73,057E81E19740,3.0,2.5,3.0,2.5,2.0,2.0
3070,DA86BC9B9FB6,3.0,3.0,4.0,3.5,3.0,3.5
3133,DD00E48BC258,3.0,3.0,3.0,2.0,3.0,3.5
1265,6134797D8497,3.0,3.0,3.0,2.5,2.0,3.5
2208,A4BBB301E3CE,4.0,3.5,3.5,4.0,4.0,4.0
2360,AF83C17B5451,3.5,3.5,3.0,3.5,4.0,3.0
1988,965DC6768854,3.0,3.0,3.0,3.0,2.5,3.0
3590,F28D4ACF03AA,2.5,3.5,3.5,3.5,3.0,2.5
1492,732952FF57F2,3.5,3.0,3.5,3.5,3.0,3.5
2202,A43F5C97F2E2,3.5,3.0,4.0,4.0,3.0,3.5
1216,5EA71157D48F,2.5,2.5,2.5,2.5,3.0,3.5
2931,D30D6D7F3D39,3.5,3.5,3.5,3.5,4.0,4.5
2099,9DCB91B1F18D,3.5,3.5,3.5,3.0,3.0,3.0
3615,F3E2F311D829,3.5,2.5,3.0,2.5,2.0,3.0
1998,972782BCDEA4,3.0,3.5,3.5,2.5,3.0,3.5
2553,BDAE1D4B6C20,3.5,3.5,3.5,4.5,3.5,3.5
2356,AF39DC7FF677,2.5,3.0,3.0,3.5,4.0,3.5
631,3012637E06B5,3.0,2.0,3.0,3.0,3.0,3.5
3004,D77456B25F73,3.0,3.0,3.0,3.5,3.5,3.0
3675,F65D9047F656,2.5,3.0,2.5,3.0,3.0,2.5
2859,CFA41112FF1B,2.5,3.0,2.5,2.5,2.5,2.0
1080,52B24BAEDC8C,2.5,2.0,3.0,2.5,2.5,3.0
1405,6C1913BE2903,3.5,4.0,4.5,4.0,4.0,3.5
632,301A4BFAE56A,3.0,2.5,3.0,2.0,3.0,3.0
1456,7033DB6BA12E,2.5,2.5,3.0,3.0,2.5,3.0
2035,998DA357F910,4.0,3.5,3.0,3.0,3.0,3.0
3352,E7EBDBDD703F,3.5,3.5,3.5,4.0,4.0,3.5
1851,8B4BB870857D,2.0,3.0,2.5,3.0,2.5,2.5
3246,E24A6E61B08D,3.0,3.5,3.5,3.5,3.5,3.5
1802,87E123466310,4.0,3.5,4.0,4.0,3.5,4.0
2229,A68AABEAAB4B,3.0,4.0,3.0,3.5,3.5,3.0
178,0D8EC8868869,1.5,2.0,1.5,1.5,2.0,1.5
498,25BFA95D04DE,2.5,3.0,2.5,3.0,2.5,2.5
3553,F12FEB0FE5B6,3.0,2.5,3.0,3.0,2.0,2.5
484,24C654C85C1F,3.5,3.5,3.5,3.5,4.0,3.0
3100,DBC8CBF56BB9,3.5,3.5,4.0,4.0,3.5,4.0
2246,A828480AA508,2.5,2.5,3.0,2.5,3.0,2.0
2535,BC0B186645A9,3.0,3.0,3.5,3.0,3.5,3.5
3022,D86C20117DC9,4.0,4.0,3.5,3.5,3.5,3.0
877,436450E48EC8,3.0,3.0,3.0,3.5,3.5,3.0
1166,5A89482533D9,3.0,3.0,3.0,2.5,2.5,2.5
1689,8087A7C3FCDA,2.5,2.0,2.5,2.0,2.0,2.5
1340,6712BD512DB7,3.5,4.0,3.5,4.0,3.5,3.5
3836,FD0881855804,2.5,2.5,2.5,2.5,3.0,3.0
3181,DF9E11F7A06E,2.5,2.5,2.5,3.0,2.5,3.0
759,3A9630FC8DFA,2.5,2.5,3.0,3.5,2.5,2.0
2218,A54391563C0F,3.0,3.0,3.5,3.5,3.0,3.0
1597,79D634E4575F,3.5,3.5,3.0,3.5,3.5,2.5
1356,683A4FE3661C,3.5,3.0,3.0,2.5,2.5,2.0
3357,E812CBED82E3,2.5,2.5,3.0,2.0,2.0,2.5
1598,79F917A8CFEC,4.0,3.0,3.5,4.0,4.0,3.5
992,4BFB5768916D,2.5,2.5,3.0,3.0,2.0,2.5
2093,9D8B3825C355,2.0,3.0,2.5,2.0,2.0,2.5
2615,C1EAD0C50570,2.5,2.0,2.5,2.5,2.0,2.0
2907,D1EB6E3F8A28,2.5,2.5,3.5,2.5,3.0,3.0
1843,8AB55CB5992E,3.0,3.5,3.5,3.5,3.0,3.5
2856,CF4E6D77F514,4.0,3.5,3.5,4.0,3.5,3.5
3831,FCD0FB7FE622,2.0,2.5,2.0,2.5,3.0,2.5
319,17230E94E6CF,2.0,3.0,2.5,2.0,2.5,2.5
184,0E07647BBC59,4.0,4.0,4.0,4.0,3.0,3.0
2734,C92C73888D49,2.0,2.5,2.5,3.0,2.0,2.5
2698,C6DDD966C9FC,4.5,4.5,5.0,4.5,4.5,4.5
3397,E98FABC326F7,3.5,2.5,3.5,3.5,3.5,3.0
2810,CD52F56B2392,3.0,3.0,3.0,3.0,2.5,2.5
2028,98FDB2315471,1.5,2.0,2.0,2.0,2.0,1.5
839,40788D50B102,3.0,3.5,3.5,3.0,3.5,3.5
3383,E8F6D6EA06F1,3.0,3.5,3.5,3.0,3.5,3.5
539,2940713292A0,3.0,2.5,3.0,2.0,2.5,3.0
1154,593E2802E27C,2.5,3.0,3.0,2.5,3.0,2.5
801,3E1A0BAC4372,2.5,3.5,3.0,3.5,4.0,3.5
2245,A81E2C81BCAB,3.5,4.5,4.5,4.5,4.0,4.0
2530,BBE74D844874,3.5,3.5,4.0,4.0,3.5,3.5
1135,58255BF759C0,3.5,4.0,3.5,4.0,4.0,4.5
210,0F9FDD188673,2.0,3.0,3.0,2.5,3.0,2.5
3562,F167D1995565,2.5,3.0,2.0,2.5,2.5,3.5
65,0506BAC596A7,2.0,2.5,2.5,2.5,2.0,3.0
863,423B413192FA,3.5,3.5,3.0,3.5,3.0,3.0
2877,D08BCAC0B1D6,2.5,2.0,3.0,3.0,2.5,2.5
2661,C4A874260D21,4.0,3.5,3.0,3.0,2.5,3.0
3812,FBE180CF324E,4.5,3.5,4.0,4.0,3.0,3.0
1132,57E8161AEF27,2.5,2.0,2.5,2.5,3.0,2.5
1026,4E81E4116D94,3.0,3.0,2.5,2.0,2.0,2.0
2328,AD175892EC1C,3.0,3.5,3.5,3.0,3.0,4.0
341,197F95A99618,4.5,4.5,4.5,4.5,3.5,4.0
2988,D6504339A690,3.0,4.0,3.5,4.0,4.0,3.5
875,43533F92E05B,3.0,3.0,3.0,2.5,2.5,3.0
1506,73D5C8D99F72,2.0,2.0,2.5,3.0,2.5,2.5
372,1C2665B95694,2.5,2.0,3.0,2.5,2.5,2.5
2259,A9290F062546,2.5,2.5,3.5,2.5,2.0,3.0
889,4477C08B4960,2.5,3.0,3.0,3.0,3.0,3.0
3375,E8BF036DCFA5,3.5,4.0,3.0,3.5,3.0,3.0
3017,D81AEDF6E262,3.5,3.5,3.0,3.0,3.5,3.0
3093,DB8F7B150495,3.0,3.5,3.0,3.0,3.5,3.5
1325,65975436BE5C,4.5,3.5,4.0,3.5,4.0,3.0
2402,B2AD2177A42C,4.5,4.0,4.0,4.0,3.5,3.5
3368,E883A8265183,2.0,2.0,3.0,3.0,2.5,2.0
96,074FA0221628,3.5,3.5,2.5,3.0,3.0,3.0
2578,BF5E801B7FD6,2.5,3.0,3.0,2.5,2.5,2.5
2865,CFFD84E8F43B,2.0,2.5,2.5,3.0,2.0,3.5
3600,F2DE30047DF9,2.5,2.0,2.5,2.5,2.0,2.5
129,0A082DA0A890,3.0,3.0,3.0,3.0,2.5,2.5
2119,9EB7D09C785B,3.0,2.5,2.5,3.0,2.0,2.5
1635,7C31C5E519FF,3.0,2.5,3.0,3.0,3.0,2.5
1985,963AD357A595,2.0,2.0,2.0,2.0,2.0,2.0
3789,FAA9FC1B315B,4.0,3.0,3.5,4.0,3.5,3.0
2592,C02F3803D0D1,2.0,3.0,3.0,3.0,3.0,3.5
3112,DC467256CD82,4.0,4.0,4.0,4.0,3.5,3.5
3262,E2F767441B44,5.0,4.0,4.0,4.0,3.0,4.0
370,1C17939C40A7,2.5,2.5,2.0,2.0,2.0,2.0
1788,87694700310E,4.0,4.0,4.0,4.0,4.0,4.0
2116,9EAB766AF4BE,3.5,3.0,3.0,3.0,3.5,3.5
1820,894C9DC473A0,2.5,2.5,2.5,3.0,2.5,3.0
994,4C17DB6FF2DC,3.0,3.5,3.5,4.0,4.0,3.5
881,43EE2C3C7EB5,4.0,4.0,4.0,4.0,3.5,4.0
737,38DF7BD353A9,3.5,3.0,3.0,3.5,3.0,2.5
231,10E11F30F47C,3.5,3.0,3.0,2.5,2.0,3.0
377,1CC7C3E50765,3.0,2.5,3.5,2.0,3.0,2.5
3176,DF328FBE5029,2.5,2.0,3.0,2.5,2.5,2.5
2943,D3999CF53EFE,3.0,3.0,3.0,3.0,2.5,3.0
432,20AA145EB328,4.0,4.0,4.5,3.5,4.0,4.5
1361,6886DF2A98BE,3.5,3.5,4.0,3.0,4.0,4.0
2824,CDDCA13DB734,3.5,3.0,3.0,2.5,2.5,3.5
1378,6A0DE6BCFA73,3.0,2.0,3.0,2.0,2.0,2.5
1591,79662DEC0A1B,2.5,2.0,2.5,2.0,2.0,3.0
1143,58A9AE90D009,3.5,3.5,3.5,4.0,4.0,3.5
172,0D0CADFF33DF,2.5,3.0,4.0,3.0,3.0,3.5
1876,8D734AF72931,3.0,3.0,2.5,2.0,3.0,2.5
814,3F1E511E2E1E,4.0,3.5,3.0,3.0,3.5,4.0
3495,EEDF62EFA5D7,3.0,3.0,3.5,3.0,2.5,3.0
2266,A9A152AAFBE1,3.0,3.0,4.0,4.0,3.5,3.0
948,48940AA0656E,2.5,2.0,2.5,2.5,2.5,2.0
16,01405C3C569D,3.0,2.0,3.0,2.5,2.5,2.5
2026,98D8FF9E3C56,4.5,3.5,4.0,3.5,3.0,3.5
2020,98823BEE8E85,3.0,2.0,3.0,3.0,2.5,3.0
2970,D579D6F26A91,3.0,2.5,2.5,3.0,2.5,3.0
367,1BE638E9C951,3.0,3.5,3.0,3.5,3.5,3.0
1406,6C3B373B84C2,3.5,3.5,3.5,3.5,3.0,4.0
3505,EF3A72193AAF,2.0,3.0,3.0,2.5,2.5,3.5
3756,F99CE431D554,2.5,3.0,2.5,2.0,2.5,3.0
2584,BFB1E692333A,3.5,3.5,3.5,3.5,3.5,3.5
2715,C7CE778367F6,3.5,3.0,3.0,3.0,3.0,3.0
3308,E545B850725F,2.5,2.5,3.0,2.5,2.5,2.5
1848,8B1D74DDA04B,2.0,1.5,2.0,2.0,2.0,1.0
2991,D684AE8A9418,4.0,4.5,4.5,5.0,4.0,4.5
2996,D6C9DE61BAF4,3.0,2.5,3.0,3.5,2.5,3.5
1935,920BEE439862,2.5,2.5,3.0,2.5,2.5,3.0
3061,DA228B928B61,2.5,3.5,3.5,3.0,3.5,3.5
1624,7B557B2F27CE,2.5,2.5,3.0,2.5,3.0,2.5
3118,DC7F27315FCF,4.0,3.0,3.5,4.0,3.5,3.0
542,297ABDDBAA92,3.0,2.5,3.0,2.0,2.5,3.0
2454,B6D958C73D90,3.0,2.5,2.5,3.0,2.5,2.0
1459,70996505E3B0,2.5,2.0,3.0,2.0,2.5,2.0
1668,7EB7BB90A2F0,2.5,3.0,3.0,2.5,2.5,2.5
1903,8F3B39C509B9,2.5,2.0,3.0,2.5,3.0,2.0
552,2A4B5673EBAC,2.0,1.5,2.0,1.0,1.5,2.0
362,1BA1FD29BF69,2.5,3.0,3.0,3.0,3.0,3.5
549,29FCF6DFFFFC,3.5,3.0,3.5,2.5,3.0,3.0
3728,F886A2B6F351,3.5,3.5,4.0,3.0,3.5,4.0
81,05F54CEC774B,3.0,3.0,3.0,3.0,3.5,4.0
1730,830CCF8E0B23,3.5,4.0,4.0,3.5,3.5,4.0
3664,F5EFA67354E6,3.5,3.5,3.0,4.0,3.5,3.0
355,1AE2E7D8DFA3,3.0,3.5,3.0,3.0,3.0,3.5
2083,9C7B4130AA3E,3.5,4.0,3.5,4.0,3.0,4.0
2449,B5FFED1536FE,2.5,2.0,3.0,2.0,2.5,3.5
2606,C16EB45BDFF5,3.0,3.0,3.0,3.0,3.5,3.5
554,2A6F8A794455,3.0,3.0,3.5,3.5,3.5,3.5
693,3564BBEC4A09,3.0,2.5,3.0,2.5,2.5,3.0
2921,D293D510A140,3.5,3.5,3.0,3.0,3.5,3.0
649,323F5DADC975,2.5,2.5,3.0,2.5,2.5,2.5
3175,DF23B896A1C2,2.5,3.5,3.0,3.0,3.5,3.0
3242,E22F1FD54169,3.0,2.5,2.5,3.0,3.0,2.5
420,1FE3EE0E16A8,3.0,2.5,3.5,2.5,2.5,2.5
3557,F144EA4BE505,1.5,1.5,2.0,1.5,2.0,1.5
1229,5F4D9997A207,3.0,2.5,3.0,3.5,3.0,2.5
1089,535D427F9FF9,3.0,3.0,3.0,3.0,2.5,3.5
3254,E2B6281D99BD,3.0,2.0,3.0,3.0,2.0,2.0
2998,D6FF6E26EB7D,2.5,2.5,3.0,2.5,3.0,2.0
2305,ABEA8B5724EF,2.0,3.0,2.5,3.0,2.5,2.5
960,4967076F4E7F,3.0,2.0,3.0,2.5,3.0,3.5
1164,5A3B42349C84,3.0,2.5,3.5,3.0,2.5,3.0
371,1C1E049AB15F,3.5,3.5,3.5,3.5,3.0,3.0
3467,ED40DCB2F669,3.0,3.0,3.5,3.5,3.5,3.5
2705,C7294E1E615D,2.0,3.0,3.0,2.5,2.5,2.5
1575,78704F723AE5,2.5,2.0,3.0,2.0,2.5,2.5
1484,727DEC0706F0,3.0,3.0,3.0,3.0,2.5,3.0
2548,BD889A4D831B,3.5,3.5,4.0,3.5,3.5,4.0
3504,EF36F9497E96,3.5,3.5,3.0,3.0,2.5,3.5
1858,8C01B86DE888,4.5,3.5,4.0,3.5,3.5,4.5
258,12E3D52345C6,5.0,5.0,5.0,5.0,4.5,5.0
769,3B8E36166444,3.0,3.0,3.0,2.0,2.0,2.0
2061,9B4BD1687FA0,3.5,3.0,4.0,4.0,3.0,3.5
2018,9872487371ED,3.0,2.5,3.5,3.5,3.0,3.0
3211,E0ED97D6F88B,2.5,2.0,3.5,3.0,3.0,3.5
114,0877E6A813FE,2.5,2.5,2.5,2.5,2.0,2.0
1816,88FD25AC86CF,3.0,2.0,3.0,3.0,2.0,2.5
1594,7999A063F80E,3.5,3.5,3.0,3.5,3.5,3.5
957,495A94390744,3.5,3.5,4.0,3.5,3.5,3.0
2289,AB142AA123BC,3.5,3.5,3.0,4.0,4.0,4.0
679,346D75CE413A,2.5,2.5,3.0,2.5,2.5,2.5
2325,ACEDBB3C81A0,3.5,2.5,3.0,2.5,2.5,3.5
56,047BD3CB80B4,3.5,4.0,4.0,4.0,3.5,4.0
3745,F9111CF0A009,3.5,2.5,3.0,3.0,2.5,2.5
435,20E194B18D0E,4.5,4.0,4.0,4.0,4.5,4.5
1057,5098F28A2EF3,4.0,3.5,4.0,3.0,4.0,3.5
155,0BB9FAE6E27B,3.5,4.0,4.5,4.0,3.5,3.5
3749,F951F260E983,2.5,2.5,2.5,3.0,3.5,2.5
1016,4E0094B179E0,4.0,4.0,4.5,4.5,4.5,4.0
60,04B6FD84A066,4.5,4.0,5.0,4.5,4.0,4.0
2077,9C37912D9442,3.0,2.5,3.0,3.0,2.5,3.0
782,3CD660D1E7BB,4.5,4.0,4.0,4.5,4.5,4.5
35,037C88B5B111,4.0,3.5,3.5,3.0,3.0,3.5
3287,E43EB471951D,2.5,2.0,2.0,2.0,2.0,2.0
1650,7D519DA76B29,3.5,3.5,3.0,3.5,4.0,4.0
1060,5132328226C2,5.0,5.0,5.0,5.0,4.5,4.5
358,1B4C8AD95EB5,3.5,3.5,3.5,4.0,3.5,4.0
1123,570595740274,3.0,2.5,3.5,3.5,2.5,3.0
3842,FD48D4BB6F06,4.5,4.0,4.0,4.5,4.0,4.0
3798,FAF6B6E4DFF4,3.0,2.5,3.0,2.5,2.5,2.5
524,280F4A13DE2B,3.0,4.0,3.0,4.0,4.0,3.0
1200,5D12067722AD,2.5,3.0,3.0,3.5,3.5,2.5
3051,D9BC7F4F22F0,2.5,2.5,2.5,3.0,2.5,2.0
265,1348668DF845,3.5,3.5,3.5,4.0,3.5,3.5
1585,790891A35047,2.5,3.0,4.0,3.5,3.0,3.5
1664,7E5F489C8CE4,3.0,2.5,4.0,3.0,3.5,4.0
1968,94EC7DF6EA74,2.5,2.5,3.0,3.0,3.0,3.0
1518,74E468FCE398,3.5,2.5,3.5,3.5,2.5,3.0
3326,E65D5A2616D2,3.0,3.0,3.5,4.0,3.5,3.5
3071,DA8E64EC1304,3.0,2.5,3.0,2.5,2.0,2.5
3235,E20DE200FEA8,3.5,4.0,3.5,3.5,4.0,4.0
2514,BAEC88ECE833,3.0,2.5,3.0,3.0,2.0,3.0
336,1928846BB272,3.0,2.5,3.0,2.0,2.5,3.0
2596,C0800EF2C22A,2.5,3.0,2.5,2.0,2.0,2.5
1156,597D76A3BF40,4.5,4.0,4.5,4.5,4.5,4.0
887,446CE95CF3F2,3.5,3.5,3.5,3.5,3.5,4.0
494,2567C158F746,2.5,3.0,2.5,2.5,2.5,2.5
580,2C0F002E8882,2.5,3.0,3.0,2.5,2.5,3.0
3607,F38E063ED945,3.0,3.0,4.0,3.5,3.5,3.0
3651,F581373D36A4,3.0,2.5,3.0,2.5,2.0,2.5
3312,E566F0D20F98,4.0,3.0,3.5,3.5,3.0,3.5
2479,B84FF4E3504F,2.0,2.5,3.0,2.5,2.5,3.0
1189,5C3A7990C870,3.5,3.0,4.0,3.5,2.5,3.5
3199,E083802BEB79,3.0,3.0,3.0,3.0,3.0,3.0
212,0FF307182628,2.5,3.0,2.5,2.5,3.5,3.0
2976,D5A110D65134,3.0,3.0,3.0,3.5,2.5,3.0
1064,51BAD5699073,2.0,3.0,3.0,2.0,2.5,3.0
75,05903AA4540F,3.0,2.5,2.5,3.0,3.5,3.5
3138,DD66EBC605D1,4.0,3.0,4.0,3.0,3.5,3.0
1312,64B53DEF0467,2.5,3.0,3.0,3.0,3.5,2.5
1031,4ED1965FD68F,3.5,3.0,4.0,4.0,3.0,3.0
3408,EA1B7D05FE81,4.0,3.0,3.5,3.5,3.5,3.0
247,1247CB034EF7,4.0,3.5,3.0,3.5,4.0,3.5
1595,79AC659EC790,3.5,3.5,4.0,4.0,4.0,4.5
3654,F58DF8739B42,3.0,3.0,3.5,2.5,3.0,2.0
1500,7382F8B16AAF,3.5,3.0,3.5,4.0,3.0,3.0
1919,9086C0A2BF10,3.0,2.5,2.5,2.0,2.5,3.0
186,0E22A47D358E,2.0,2.0,2.5,2.5,2.0,2.0
3210,E0EBA1995BCB,4.0,3.5,3.0,3.0,3.5,4.0
2015,985A32A20F03,3.5,2.5,2.5,2.5,3.5,2.5
2056,9AFAE6562E98,4.0,3.0,4.0,3.5,3.0,3.0
2703,C71E82A97BD3,3.0,3.0,3.5,3.5,3.5,3.0
1622,7B38A110CC94,4.0,3.0,3.5,3.0,2.5,3.5
3157,DE8162CAC353,2.5,3.0,3.0,3.0,3.0,2.5
1075,525E9A75CAA0,3.5,3.0,3.5,3.0,3.0,2.5
3676,F66B2BAB7E4C,3.0,3.0,3.0,3.0,3.0,3.0
3737,F8F7785B285B,2.5,2.5,2.5,2.5,2.0,2.0
1781,86BB790A5875,3.0,3.5,3.5,3.0,3.0,3.5
2422,B3F18E671DF2,3.5,3.5,3.5,3.5,3.5,3.0
1655,7DB5E5FA8324,3.0,3.0,3.5,3.0,3.0,4.0
32,032EA4B76BF5,3.5,3.5,3.0,3.0,3.5,3.0
3344,E78C1D3328E3,2.5,2.0,2.0,2.0,2.0,2.5
1124,573E39E45177,3.0,3.0,3.5,2.5,2.5,3.0
2816,CD9FDD5F9F9E,4.5,4.5,4.5,4.5,4.5,5.0
445,2175BC2F7C2C,2.5,3.0,3.5,3.5,3.5,3.0
3358,E81B50098AAC,2.5,2.5,3.0,2.5,2.5,2.5
464,22F571F54234,3.5,4.5,4.5,4.0,4.5,4.0
3502,EF1CF9E844F7,3.0,2.0,2.0,2.5,2.0,2.0
3865,FE69FBDD5681,3.5,3.5,3.5,3.5,4.0,3.5
2179,A2C232F3D92C,3.0,4.0,3.0,3.0,3.0,3.5
1681,7FED050A6D55,3.0,3.0,4.0,3.0,3.0,3.5
2314,AC7AB280A93C,3.5,3.0,4.0,3.5,3.0,3.5
1809,88402C999412,2.5,2.5,3.0,3.0,2.5,2.5
1946,92F6C1E71237,2.5,3.0,3.0,2.5,2.5,2.0
2674,C5C74A1D0020,3.0,2.5,3.0,2.5,2.5,3.0
2581,BFA732D9C006,4.0,3.0,3.0,3.5,4.0,3.5
243,1202062A4FA5,4.0,3.5,3.5,3.5,2.5,3.5
1704,81306D4B4CC1,3.5,3.5,3.5,3.5,4.0,3.5
401,1E4E4216EB39,4.0,3.5,4.0,4.0,3.5,3.0
2032,995452515AB0,2.0,2.0,2.0,2.0,2.0,2.0
1984,963501C88479,3.0,3.0,3.5,4.0,3.5,2.5
3121,DCB9EAF9C92A,4.0,3.5,3.0,3.0,4.0,3.0
3853,FDE0B653AD74,4.0,3.5,3.5,4.0,4.0,3.5
450,21F8069EC7F7,3.0,3.0,3.5,3.0,3.5,2.5
1227,5F407964AF46,2.0,2.0,3.0,2.0,3.0,2.0
3066,DA5CA667B729,4.0,4.0,4.0,4.5,5.0,4.5
3034,D92BFF2AC7FD,3.5,3.5,3.0,3.0,3.0,3.0
2333,AD5F7E8C127F,3.5,3.0,3.5,4.0,3.5,3.0
471,23958A3106EA,4.0,4.0,4.0,4.0,3.5,4.5
2849,CEFC32741811,3.0,2.5,3.5,3.5,4.0,3.0
3555,F1329DA98283,3.5,3.0,4.0,4.0,3.0,3.0
3377,E8C3FA5907B0,3.0,3.5,3.0,3.0,3.5,3.5
1674,7F1F55F771F9,3.5,3.5,3.5,3.5,3.0,3.0
2784,CBF103FE58DD,2.0,2.0,2.5,3.0,2.5,2.5
3097,DBBAF0AB97FB,2.5,3.0,3.0,3.0,3.0,2.0
1787,87692B9A8184,4.0,3.0,3.0,3.0,3.0,4.0
1833,8A2A9C25B642,3.0,2.5,3.5,3.5,3.0,3.0
611,2E6495FC2C72,2.5,2.0,3.0,3.5,2.5,2.0
1407,6C449C1EDB2D,3.0,3.5,3.0,3.5,4.0,3.5
2474,B7FCFC6A7011,2.0,2.0,3.0,3.0,3.0,2.5
3793,FAC0A72D62EE,4.0,4.0,3.5,4.0,4.0,4.5
3015,D80B98C274D4,4.0,3.5,3.0,3.5,3.0,3.5
3700,F772343CC7A7,2.5,3.0,3.0,2.0,2.5,3.0
2122,9EC4A16802BF,4.0,4.5,4.5,4.0,4.5,4.0
2961,D45A0B7F9D48,4.0,3.5,4.0,4.0,4.0,3.5
2741,C996AAF4ADF6,2.0,2.5,3.0,2.5,2.0,3.0
3009,D7817C171926,2.5,3.0,2.5,3.0,3.0,3.5
2730,C8EBB096262B,3.0,2.0,2.5,2.5,2.0,2.5
2321,ACB4771E367E,4.5,4.0,4.0,4.0,4.5,3.5
1218,5EAC31CA561A,2.5,2.5,2.5,3.0,2.5,2.5
1776,8658D3ABB67F,3.0,3.5,3.0,3.0,2.5,2.5
1498,7373B4F44528,4.0,4.0,4.0,4.0,3.5,3.5
3406,EA04020F5ECD,1.5,1.5,2.0,2.0,2.0,1.0
3438,EBE0730AFF0E,3.5,2.5,3.5,3.5,2.5,2.5
2097,9DB8409B95F6,3.5,3.5,4.0,4.0,4.0,4.0
1729,82F9FDBD6F98,2.5,3.0,3.0,3.0,3.0,3.5
540,294C41270CAB,3.0,3.0,3.0,3.0,4.0,3.0
110,083E12F6B1D0,2.5,3.0,3.5,2.5,3.5,2.5
1631,7BC73C8FBDBC,3.5,3.0,3.0,3.0,2.5,2.5
510,269101ABF266,3.5,3.0,3.5,3.5,3.0,3.5
1613,7AC357DAA5D7,4.0,3.5,4.0,4.0,3.0,3.5
1995,9715AAF5B952,3.5,3.5,3.0,3.5,3.0,3.5
3127,DCE82F61BE10,3.0,3.5,3.5,3.5,3.0,3.0
2045,9A25D43F4CEF,2.5,3.0,3.0,3.5,4.0,3.0
2092,9D716D9F4EBA,3.0,3.0,3.0,3.0,2.5,2.5
3021,D8532CCFE454,3.0,2.5,3.5,2.5,2.5,2.5
1719,82722CEBCAB3,4.0,3.0,4.0,3.0,3.5,3.0
1607,7A7660BBEE86,3.5,2.5,3.0,3.0,2.0,2.5
3072,DA8F8C0D6952,4.0,4.5,4.5,4.5,4.0,4.5
78,05E5653B781C,3.0,3.5,3.0,3.0,3.5,3.0
2779,CBB0475A89B4,3.0,3.0,4.0,3.5,4.0,4.0
2317,ACA08DBF39EE,2.5,3.0,2.5,2.5,2.5,2.0
1996,97167C9DC677,3.0,3.0,4.0,3.5,3.5,3.5
2720,C858F547F2AD,4.5,3.0,3.5,4.0,4.0,3.0
313,16DA6810DEF3,3.5,3.0,2.5,3.0,3.5,3.0
3859,FE31D12E44FE,3.0,3.0,2.5,3.0,3.0,3.0
1307,648D40256ADB,2.0,2.0,2.5,2.0,2.0,2.5
911,4608287E9B30,3.0,3.5,3.0,3.5,3.0,3.5
697,35A7E263AC71,2.5,2.5,3.0,3.0,3.0,2.5
2386,B18BEE398BAD,2.5,2.0,2.5,2.0,2.5,2.0
466,2327EC67A339,2.5,2.5,2.5,2.5,3.0,2.5
1019,4E13812BC1ED,4.0,2.5,4.0,3.0,3.0,3.5
363,1BAD681F72CB,3.0,3.0,2.5,2.5,2.5,3.0
1842,8AAC040AE6C7,2.0,2.0,2.0,2.0,2.0,2.0
3652,F5817C081342,3.5,3.5,4.0,4.0,3.0,3.5
1344,6792C2E73B6A,2.0,2.0,2.5,2.5,2.0,2.5
1360,68685615FE0C,3.5,4.0,3.5,3.5,2.5,3.0
3320,E5C9AD14EB2D,2.0,3.0,3.0,2.0,2.0,2.5
2069,9B9E23C5D3C8,3.0,2.0,3.0,2.5,2.5,2.5
3223,E19CE100743C,3.5,3.5,4.0,3.5,3.5,3.0
3833,FCD96EA1E6E8,3.0,2.0,3.0,3.0,2.5,2.0
1524,7545AC12D178,2.5,1.5,3.0,2.0,2.0,2.5
1034,4F158CCF45AC,2.5,2.5,2.5,2.0,2.0,2.5
2733,C928D32FE5C5,4.5,4.5,4.5,4.5,4.5,5.0
83,061AF57CB05C,3.0,3.5,3.0,3.5,3.5,3.5
79,05EC08C05019,4.0,3.0,4.0,3.5,3.0,3.5
662,332F7B4392BA,3.0,3.0,3.0,3.0,3.0,3.5
1439,6E70CECCE25D,3.0,3.5,3.0,3.0,2.5,3.5
3811,FBC421A7BE79,3.0,3.0,3.0,3.5,2.5,2.5
919,46AD88A6F157,3.0,3.5,3.5,3.5,3.0,3.5
1440,6E71B040D5C6,2.5,2.5,2.5,2.5,2.5,3.0
3162,DEA1F417949A,4.0,4.0,4.0,4.0,4.0,4.0
2986,D62F970B0DAE,3.0,3.0,3.0,3.0,3.0,2.0
2769,CB17AF6F1138,2.0,2.5,3.0,3.0,2.5,2.5
2253,A8D0ADC676C0,2.0,2.0,3.0,2.5,2.5,2.0
2376,B06DEBFFD2A8,3.0,3.0,3.0,2.5,2.5,2.5
808,3E9A664FFD33,4.0,3.5,4.0,4.0,3.0,4.0
1510,7445CD7E0985,3.0,3.0,3.0,3.0,3.0,3.0
3039,D9469EFAE287,3.5,3.0,3.5,3.5,3.0,3.0
2576,BF5D1465DFFC,3.0,3.0,3.0,3.0,3.5,3.0
656,32B2D5592E1D,2.5,2.0,3.0,2.5,2.0,2.0
1921,90BF447C6E83,2.5,2.5,2.5,3.0,2.0,2.0
1442,6E90DC70B7A9,3.0,3.0,3.0,2.5,2.5,2.5
3698,F763D4DB9224,3.5,3.5,3.5,3.5,3.5,3.5
858,41EAC230D430,3.5,3.5,4.5,4.5,4.0,4.0
1803,87E3F6FDAA68,3.5,3.5,3.5,3.5,4.0,3.0
2808,CD47F64F2398,2.5,3.0,3.0,3.0,2.0,2.5
3236,E21038BEF290,3.5,3.5,3.0,4.0,4.0,3.5
2848,CEF302996231,3.0,3.0,3.0,2.5,3.0,3.0
844,40DB9B4FC90A,3.5,3.0,3.0,3.0,2.5,3.5
833,402843726F3B,2.5,3.0,2.5,2.5,3.0,2.5
1614,7AC5AC48813D,3.0,3.0,3.0,3.0,3.0,2.5
213,0FFB44B5D0C2,3.0,3.0,4.0,3.0,3.5,3.0
2520,BB38DB117F33,3.0,3.0,3.0,2.5,2.5,3.0
3437,EBD586EB3AA8,4.0,3.0,4.0,3.5,3.0,3.5
131,0A324290AFE7,3.5,3.5,3.5,4.0,3.0,4.0
439,211699D25472,3.5,3.0,3.5,3.0,3.0,3.0
3699,F771A9924D56,2.5,3.0,3.0,2.5,2.5,2.5
2421,B3F0F2F6487F,3.5,3.5,3.0,3.5,3.5,3.5
2524,BB7BD362A162,3.0,2.5,3.5,3.0,3.0,2.5
1609,7A89CCBBD747,2.0,2.5,3.0,2.5,2.0,2.0
853,41BB825BAEBB,3.5,2.5,3.5,3.5,3.5,3.0
448,21B100A503DC,3.0,3.0,4.0,4.0,4.0,3.0
3487,EE855A723FE0,3.0,2.5,2.5,2.5,2.0,3.0
3896,FF8A189E3BE4,2.0,3.0,3.0,2.5,2.0,2.0
3575,F1B1760AD63F,3.5,3.0,3.0,3.0,4.0,3.0
3444,EC0B04508F7C,3.5,2.5,3.0,2.5,3.0,3.0
1727,82F7210163B5,3.5,3.5,4.0,4.0,3.5,3.5
103,07C6BB6ADA38,3.0,3.5,4.0,3.0,3.0,2.5
3297,E4C49D70C330,2.5,3.0,3.5,2.5,3.0,3.5
523,27FC2D31B704,3.0,3.0,2.5,2.5,3.0,3.0
1102,54D835ADB326,2.5,2.5,2.5,2.5,2.0,2.5
1821,89506A98AC2B,3.5,3.0,3.0,3.0,3.0,2.5
1415,6CB31DED1BF0,3.0,2.5,3.5,3.5,3.5,3.5
165,0C88E7BE611B,2.5,3.0,3.0,3.0,2.0,2.5
3343,E770240CAEE1,2.5,2.5,3.0,3.5,2.0,2.5
907,45A86623B659,3.0,2.5,2.5,3.0,2.0,2.5
2662,C4B53350B704,2.5,2.0,3.0,2.5,2.0,2.0
2397,B2123357B114,3.5,3.0,3.0,3.0,2.5,2.5
3275,E376D913FA25,2.5,1.5,3.0,2.0,3.0,2.5
2419,B3AB4E6C5678,3.0,3.0,3.0,2.5,2.5,2.5
1860,8C0D50387A60,3.5,3.0,3.5,3.0,3.0,3.0
2918,D26C9B0368D0,3.5,4.0,4.0,3.5,3.5,3.0
2555,BDF13939FA26,3.0,3.0,3.0,3.0,3.5,2.5
1741,83C48C5697AE,3.0,3.0,3.0,2.5,2.0,2.5
2499,B9F6B348FC3A,2.0,2.0,3.0,3.0,2.0,2.5
395,1DFACB5D0C9E,3.0,3.5,3.0,3.0,3.0,3.5
625,2F3E35DA88B0,3.5,3.5,3.5,3.5,4.0,3.0
695,35954693FE8E,4.5,3.5,3.5,4.0,3.5,4.0
947,48837626943D,3.0,2.5,3.5,3.0,3.5,3.0
761,3AD5BFDC11E4,3.5,3.0,3.0,3.5,3.0,3.5
2739,C97525A88E48,3.0,3.5,2.5,3.5,2.5,3.0
2311,AC5D4FAD6FDA,3.5,4.0,4.5,4.5,4.0,4.0
1383,6A977849DE08,4.0,4.5,4.5,4.0,4.0,4.0
2228,A6745A8EE7AF,2.0,2.5,3.5,2.5,2.5,2.5
3362,E8445DB18983,2.5,2.0,2.5,3.0,2.0,2.5
1401,6BEE2EEEDD39,2.5,2.5,3.0,3.0,2.5,2.5
645,31B604C7D90F,3.0,3.5,3.5,3.5,2.5,3.5
3659,F5BC1532013D,3.0,2.5,2.5,2.5,2.5,3.0
2993,D6894AB9188B,3.5,3.0,3.5,3.5,3.0,3.5
3822,FC5120C98AE7,3.5,3.5,3.5,4.0,3.5,3.0
1882,8DF5D7CF4085,4.5,3.5,3.5,4.0,3.5,4.0
771,3BD4B53512BD,2.0,2.5,3.0,2.5,2.0,2.5
3520,EFBF293CC2AF,4.0,3.5,4.0,4.0,3.5,3.5
51,0465517EB6B7,2.5,2.0,3.0,2.5,3.0,2.0
2598,C0B30026B439,2.5,2.5,3.0,3.0,3.0,3.0
2541,BCE3D895D850,2.5,3.0,3.0,3.0,2.5,3.5
2649,C41DFE052637,3.5,3.5,3.5,3.5,4.0,4.5
2822,CDCE6EB37AF6,3.0,2.0,3.0,2.0,2.0,2.0
3062,DA254A895F0D,2.0,2.0,3.0,3.0,2.5,2.0
1375,69FD256DCE38,3.0,2.5,3.0,3.0,2.5,2.0
1121,56F9E8427D97,4.0,3.0,4.0,4.0,3.0,4.0
3565,F17D56052066,3.5,3.0,3.0,3.0,3.5,3.0
1035,4F22FF7F59A0,3.5,3.0,3.5,3.0,3.0,3.0
2451,B6A5721D64C1,3.0,3.5,3.5,3.5,3.0,3.5
2286,AAE16C990870,2.5,2.5,2.5,2.5,2.5,2.5
2145,A055576C0F9E,2.5,3.0,3.0,3.0,3.0,2.5
3656,F5A5B0906BE8,3.5,3.0,3.5,3.0,3.0,3.5
3342,E76B3F5205CD,1.0,1.5,1.5,2.0,1.5,1.0
111,084763DC1C8C,3.5,3.0,3.0,2.5,2.5,2.5
183,0E03218FDD2F,4.0,4.5,4.0,5.0,5.0,5.0
2517,BB0EA66E43C4,2.0,2.5,3.0,3.0,2.5,2.5
613,2E8C8C439D36,2.5,2.5,3.0,2.5,2.5,3.5
3770,FA130BF0072E,3.0,2.5,3.5,3.5,3.0,2.5
3054,D9E7B148EF8C,3.0,2.5,3.0,2.0,2.0,2.5
1706,814EE41F6FF3,3.0,2.5,2.5,2.0,2.5,3.0
1557,777F0E16E55E,2.0,2.5,3.0,3.0,3.0,3.0
3775,FA3D872358BF,2.5,2.5,2.5,2.5,3.0,3.0
1711,81B5D8CBA063,4.0,3.5,4.0,4.0,4.0,3.0
1178,5B14D81A0167,2.0,3.0,3.0,2.5,2.5,3.0
2129,9F68BAB4FB63,3.0,3.5,3.0,3.0,3.0,3.5
2532,BBE9DDA6E3BD,4.0,4.0,3.5,4.0,4.0,4.0
397,1E11EA73C7B3,3.0,4.0,4.0,4.5,4.5,4.0
1291,62F578BA97ED,3.5,2.5,2.5,3.0,2.5,3.0
1630,7BBB35F9D1BD,3.5,3.0,3.0,3.5,3.5,3.0
3365,E853D5DD528D,3.0,3.0,3.5,2.5,2.0,2.5
3030,D9018539576D,4.5,4.5,4.5,4.5,4.5,5.0
1743,83FBBD0447F2,3.0,2.5,3.5,3.5,3.0,3.0
2136,9FAA62801E13,2.0,2.5,2.0,2.0,2.5,2.0
2086,9C9F45A47A92,2.5,2.0,3.0,2.0,2.0,3.0
2861,CFBD5DD8ECFD,3.5,4.0,3.5,3.5,4.0,4.0
2920,D2910C3C8E3B,3.5,3.0,3.0,3.0,3.0,2.0
571,2B6FE734CB4E,2.5,2.5,3.0,2.5,2.5,2.5
3908,FFDC4011AC9C,2.5,3.0,3.0,3.0,3.5,3.0
3449,EC5138D8C9D6,3.5,2.5,3.0,3.0,2.5,2.5
3007,D779EEB6F8BC,3.5,3.5,3.0,3.5,4.0,3.5
2309,AC1F60D0F85D,3.0,2.5,3.0,3.0,3.0,2.5
3551,F12C7794CDCB,3.5,3.0,4.0,4.0,4.0,4.0
1534,7600F1C7D884,3.0,3.5,3.5,4.0,4.5,4.0
3529,F0116D8BA334,3.5,2.5,3.0,3.5,2.5,3.0
3897,FF8BAC351714,2.5,2.0,3.0,3.0,2.0,2.5
1874,8D160B0BC04B,3.5,3.5,3.5,4.0,4.5,3.5
356,1B056DE0E856,3.5,3.0,3.0,3.0,3.0,2.0
608,2E043F67934C,3.0,3.0,3.0,3.0,2.5,2.5
3389,E952F0EB5083,3.0,3.5,3.0,4.0,3.5,4.0
239,1170D6863F27,3.0,2.5,2.5,2.5,2.5,3.0
3791,FAB189F7E4DF,3.0,3.0,3.0,3.5,3.0,3.0
3293,E481AA5C2F0B,2.5,2.5,2.5,2.5,2.0,2.5
2167,A1DC92E4E3C8,3.0,3.5,4.0,3.5,3.0,3.0
2944,D3A5813D8C06,2.5,3.0,2.0,2.5,2.0,2.0
1814,88ECDCC89475,3.5,3.0,4.0,3.0,3.0,3.5
2799,CC9E2835EFAF,3.5,3.5,3.0,4.0,4.0,3.0
374,1C65B8D20F73,3.5,2.5,3.0,3.5,2.5,3.0
3685,F6EAE029B20B,4.0,4.0,3.5,3.5,3.5,4.0
1937,925371DCF84D,2.0,2.0,2.0,2.0,1.5,1.0
1321,65593BCE26BF,2.5,3.0,4.0,3.5,3.0,3.5
1125,5754104B2928,3.0,3.5,4.0,3.5,3.0,3.0
3473,ED8E7F6A56DD,4.0,3.5,4.0,3.5,4.0,4.0
1527,759E0659FF69,3.5,3.5,3.5,3.0,3.0,3.0
3882,FED42BB10805,3.0,2.0,3.0,2.5,2.5,1.5
3160,DE921CECE21A,3.5,4.0,4.0,4.0,4.0,4.0
729,38452CB371C9,3.0,3.0,3.0,2.5,3.0,2.5
2458,B7053BDF5BA0,3.5,3.0,3.5,3.5,3.0,4.0
2495,B9B02A6FB3F9,2.5,2.0,2.5,2.5,2.0,2.5
1391,6B3B3CB54EB9,3.5,3.0,3.5,3.0,3.5,3.5
3501,EEEF81C2E133,3.0,3.0,3.5,3.0,3.0,3.0
1408,6C6B01577E01,3.0,3.5,3.0,3.0,3.0,3.5
3563,F16AFE936F49,3.0,3.0,3.0,3.5,4.0,3.5
2264,A98482015F5A,4.5,4.0,4.5,4.5,4.5,4.0
382,1D1C40F5718C,2.5,2.0,3.0,3.0,2.5,2.5
3081,DAF9AC30424E,3.5,3.0,2.5,2.5,3.5,3.0
2589,BFEA2E7F1486,4.0,4.0,3.5,4.0,3.5,4.0
1502,73930228893B,2.5,2.5,3.0,2.5,3.5,3.5
3104,DBE977177080,2.5,2.5,3.0,3.0,2.5,2.5
3443,EC07B11B2CF3,2.0,2.0,3.0,2.5,2.0,2.0
1320,654DF9ECDD42,3.0,2.5,3.5,2.5,3.0,2.5
3303,E51754AD1D38,2.5,3.0,2.5,2.5,3.5,3.5
1233,5F8195FBA0CA,4.0,3.5,4.0,3.5,3.5,4.5
2236,A742ED869970,3.5,3.5,3.0,4.0,3.5,3.5
3006,D776E7CA9913,2.5,2.5,3.0,3.0,2.0,2.5
681,34716B652420,2.0,1.5,2.0,2.0,2.0,2.0
2994,D6930DD4EDD0,3.5,3.5,3.5,3.5,4.0,3.5
1274,61C4FCA012D7,3.5,2.5,3.5,3.0,2.5,3.5
2789,CC0186CE98B3,1.5,1.0,2.0,2.0,1.5,1.5
2364,AF9F53EC3673,4.0,4.5,4.5,4.5,4.0,3.5
123,094684D6DD30,3.0,2.0,3.0,2.5,2.0,3.0
2634,C3429FEF8AEE,3.5,3.5,3.5,3.5,2.5,3.5
660,331760E7A5CB,2.5,3.0,3.5,3.5,3.5,3.0
1796,8799E3BD41EB,3.0,3.0,2.5,2.5,2.0,3.5
2579,BF652DD7B469,2.5,3.0,3.0,2.5,2.5,3.0
2303,ABC59FCA6150,3.0,2.5,3.0,3.0,2.5,3.0
2710,C78AC0CB25F9,4.0,3.5,4.5,3.5,3.5,3.5
1960,93EF5F755313,3.5,3.0,3.5,3.5,2.5,2.5
3423,EAE71A9E0247,2.5,2.5,2.5,3.0,3.0,2.5
230,10DF0ACB336C,2.5,3.0,3.0,2.5,3.0,2.5
901,45291197F292,2.0,2.5,3.5,3.0,2.5,2.5
3132,DCFBEEAC3AA8,2.5,2.0,2.5,2.0,2.0,2.5
765,3B355996A407,3.0,2.5,3.0,2.5,2.5,2.5
3177,DF64D7FF61F1,3.0,2.5,3.0,2.0,2.5,3.0
3197,E07F7A913FB6,4.5,4.0,4.0,4.5,4.5,4.0
2428,B46E31AA2653,2.5,4.0,3.5,3.0,3.0,3.0
3156,DE56AA9B4BF1,3.5,3.0,3.5,4.0,3.5,3.5
1745,840619A0CF0B,3.0,3.0,3.5,3.5,3.0,2.5
2912,D2421A895FFA,3.5,3.5,3.5,3.5,2.5,4.0
787,3D3C80EF2AAA,3.0,2.5,3.0,3.0,3.0,2.0
2149,A0B2BF94231C,4.0,3.5,3.5,4.0,3.5,4.0
3456,ECB127F00953,4.0,4.0,3.5,3.5,4.0,4.0
3086,DB2EA5C4828F,1.0,1.0,1.5,1.0,1.0,1.0
421,2003BF2E6DD0,4.5,4.0,4.0,4.0,4.5,4.0
3217,E12450BAE343,3.5,3.5,4.0,3.5,3.5,3.0
2925,D2DF0FA5218C,3.0,3.0,3.5,3.5,3.5,3.5
3851,FDC94E0FE9C8,3.5,3.0,4.0,3.5,3.0,3.5
1873,8D14BC33208D,3.5,3.5,2.5,3.0,3.0,3.5
2614,C1E9D98B3613,3.5,3.0,3.5,4.0,3.5,3.5
3584,F21B26DBED29,4.5,4.0,5.0,4.5,4.5,4.5
2138,9FDD8A146288,3.0,2.5,2.5,2.5,2.5,2.5
798,3DFE1FE3FCE8,3.0,3.0,3.5,3.5,2.5,3.0
1870,8CDBA4104C7E,4.5,4.0,4.0,4.0,4.0,4.0
2007,97A27B9801B5,2.5,2.5,3.0,3.0,2.5,3.5
2571,BF0AF86DFDE1,3.5,3.5,3.5,4.0,4.0,3.5
626,2F56C4AD3F46,4.0,4.0,3.5,3.0,3.0,4.0
495,2568B64DB374,3.5,2.5,4.0,3.5,3.0,3.0
3215,E11139259D4E,4.0,3.5,3.5,4.0,4.0,3.5
1616,7AF7DC456D3C,3.5,4.0,4.0,4.0,3.5,4.5
1782,86E335C1EB06,3.5,3.5,3.0,3.5,3.5,3.5
2206,A495DAE52B0E,3.0,3.5,3.0,3.0,3.5,4.0
1890,8E764A2C7266,2.5,2.0,3.0,2.5,2.0,2.5
790,3D739817CC30,2.5,2.0,2.5,2.0,2.0,2.0
2557,BE1B8DAE1D75,3.0,3.0,3.0,3.0,2.5,3.0
3393,E96C123FAC95,4.0,3.0,4.0,3.5,3.5,3.0
2414,B379CB700CCD,2.5,3.0,3.0,3.0,3.0,2.5
3665,F5FAD709AAFC,2.0,3.0,2.0,2.5,2.0,2.0
2276,AA2191D8D24E,3.0,3.0,3.0,3.0,3.0,2.5
3821,FC36DBAE640B,3.0,3.0,3.0,2.5,2.5,2.5
417,1FB89CF59E5B,3.5,3.5,3.5,3.5,3.5,4.0
742,39492CE9549E,4.0,4.5,4.0,4.0,4.0,3.5
2127,9F27EAC1E27D,4.0,3.5,4.0,4.5,3.0,3.5
1214,5E830B6462DB,2.5,2.5,3.0,2.5,3.5,2.5
492,25518B329285,3.5,3.5,3.0,3.0,3.0,3.0
1909,8FF22F2804A3,3.0,2.0,3.0,2.5,2.0,2.5
1169,5A9C20C851FD,3.5,3.5,3.0,3.0,2.5,3.5
2608,C1959178FC53,3.0,3.0,3.0,3.0,2.5,3.0
1342,6751442A85E4,4.0,4.5,4.0,4.0,4.0,4.5
824,3F80F96A6F5A,4.0,3.5,3.0,4.0,3.0,3.5
3233,E1E09D32484D,4.0,4.0,4.0,4.0,3.5,4.0
3832,FCD5885AE01E,2.0,2.0,2.5,2.5,2.0,2.5
1481,72732FD01203,4.0,3.5,3.0,3.0,3.0,3.5
3710,F7DB1032DFAC,2.5,3.0,3.5,3.0,3.0,3.0
3701,F78366DD5A31,4.0,4.0,3.5,4.0,4.0,4.5
3479,EDDAE2D4080B,1.5,1.0,2.0,1.5,2.0,1.5
3259,E2E99090C7D5,3.0,2.5,3.5,3.5,3.5,3.0
1024,4E59508F6D0B,3.0,3.0,3.5,2.5,3.0,4.0
2461,B7291A99BF2E,2.0,2.5,2.5,2.0,2.0,2.5
592,2CAAF1F40F49,3.5,3.0,3.5,3.0,3.0,2.5
3321,E5F1CCC31762,3.5,2.0,3.5,3.0,3.0,2.5
3640,F51C77EFF5D8,3.5,4.0,3.5,4.0,3.5,3.5
3534,F069420C6DB7,3.5,3.0,3.0,3.5,4.0,3.0
2508,BA71C09852E8,3.5,4.0,4.5,3.5,4.0,4.0
1797,87A8B315A26E,3.0,2.0,3.0,2.5,2.5,2.0
3044,D96EF27304E5,3.5,3.5,3.5,3.5,3.5,3.5
127,09ADB0629CD0,4.0,3.5,3.5,3.5,4.0,4.0
3316,E57E60E07425,3.5,3.0,3.0,3.5,3.0,4.5
3567,F17E1C91D1DC,3.5,3.0,3.5,3.0,3.0,3.5
2437,B5106AB5C81C,3.0,2.5,2.5,3.0,2.5,3.0
403,1E7CF4875ED5,3.0,3.5,3.0,3.5,3.5,3.0
150,0B720B5EA0E9,3.0,3.0,3.0,3.5,3.0,3.0
3771,FA145FA7B678,2.0,2.0,3.0,2.5,2.0,2.5
2394,B1E8A95B0939,3.5,3.0,3.0,3.5,4.0,2.5
1437,6E3D46F9AAE1,4.5,4.5,4.5,4.0,4.5,4.5
1629,7B8400D217C1,2.0,2.0,2.5,2.0,2.0,2.0
3174,DF1D43973CFA,2.5,2.0,2.5,2.0,2.0,2.5
2442,B5618012B782,2.5,2.5,2.5,2.0,2.0,2.0
62,04E1A9EE5BE1,2.0,1.5,2.0,2.0,1.5,1.5
2336,AD730017246A,2.0,2.0,3.0,2.5,2.5,2.0
2256,A902D2DE1A8A,2.0,2.0,3.0,2.5,3.0,2.5
2544,BD0CEEC9B429,4.0,3.0,4.0,3.0,3.0,3.0
2400,B279118BA2EC,2.5,3.0,2.5,2.0,2.0,2.0
95,070D792C65B7,4.0,4.0,4.0,4.5,4.0,4.0
959,49619EA08A55,3.5,2.5,3.0,3.0,2.5,3.0
2191,A39343536B4B,4.0,3.0,3.0,3.0,3.0,3.0
3076,DACF12F21A7C,2.5,2.5,2.5,3.0,2.0,3.0
1576,78A3B43DFF8E,2.5,2.0,2.0,2.0,1.5,2.0
3088,DB621DB9A4C3,3.0,3.0,3.0,3.0,2.5,3.0
2153,A0D37DDFBE96,2.5,4.0,3.5,3.5,3.0,3.5
236,113B1543C433,2.5,2.0,3.0,2.5,2.5,2.5
222,10AC7944DC4A,3.5,2.5,3.0,3.0,2.0,2.5
3666,F5FF5E9E553C,4.0,3.5,3.5,4.0,3.5,4.0
2393,B1E1608C016D,3.0,3.0,3.5,3.5,3.0,2.5
1810,88816FFD8A5C,4.0,5.0,4.0,4.5,4.5,5.0
120,08FC47A564AE,3.5,3.5,4.0,2.5,4.0,3.5
1685,8042198ABB06,3.0,2.5,2.5,2.0,2.5,3.0
2636,C3549BC956DC,3.5,3.0,3.0,4.0,3.5,3.5
3909,FFE16D704B16,4.0,4.5,4.5,4.0,4.5,4.5
2380,B0B703E881B7,2.5,3.0,3.5,4.0,4.0,3.0
2639,C37F09E24836,3.0,3.0,4.0,4.0,3.5,3.5
193,0EBED6896F51,3.5,3.0,3.5,3.5,3.5,4.0
2283,AAAAA48F6FEB,4.0,5.0,5.0,5.0,5.0,4.5
181,0DC7DEF31BE5,2.0,2.5,2.0,2.5,2.0,2.0
3516,EF9D616EAC4E,3.0,3.0,3.0,3.5,3.5,3.0
389,1D8BDC81DE2C,2.5,3.0,2.5,2.5,2.5,2.0
968,49E375E8CA7B,3.5,3.5,3.5,3.5,3.5,3.0
3420,EACD6F08F69C,4.5,4.0,4.0,4.0,5.0,4.5
1545,76C2E20AF20E,4.0,4.0,3.5,4.0,3.5,3.5
669,33E25E6A8028,3.0,3.0,3.0,3.0,3.0,3.0
3284,E4298EE64777,3.0,3.5,3.0,2.5,3.5,3.0
3765,FA078892658B,3.0,3.5,3.5,3.5,3.0,3.0
1365,692357D5F3F0,3.5,3.5,3.5,2.5,3.0,2.5
1394,6B56C630FFC5,2.5,2.0,3.0,2.5,3.0,2.5
331,185E2F7317F2,3.5,3.5,4.0,4.0,3.5,3.5
614,2E98035B8362,3.0,3.5,4.0,3.5,4.0,3.0
1286,62B3C9C3398E,3.0,3.5,3.5,3.5,3.5,3.5
266,134937CE445C,3.5,3.0,3.0,3.5,3.0,3.5
1932,916811E780BD,3.5,3.5,3.0,3.0,4.0,4.0
2199,A3E9A1C9917B,4.0,4.0,4.0,3.5,3.5,3.5
2593,C045A27AFE82,2.5,2.5,2.5,2.5,2.5,2.0
1807,8836B8EFCE5A,3.0,2.5,3.0,3.5,3.0,3.0
225,10D2D1173D36,3.5,4.0,4.0,4.0,3.5,4.0
105,07D5647B11AE,3.5,2.5,3.5,2.5,3.0,2.5
2413,B370B0D18727,4.0,3.5,4.0,4.0,3.5,3.5
1508,73DF8CA712BB,3.0,2.0,3.0,3.0,2.0,2.5
3843,FD4C4EDC22DE,3.5,4.0,3.5,3.5,4.0,4.0
630,2FE31DD4FD98,4.0,3.0,4.0,3.5,3.5,3.0
2731,C8EF7048C03F,3.0,3.0,3.0,2.5,2.5,3.0
2068,9B94692E3AC6,3.5,3.0,3.5,3.5,4.0,4.5
870,42BF43BF8DBE,3.5,3.5,3.5,3.0,3.5,4.0
2290,AB201C60C269,4.0,4.0,3.5,3.5,4.0,2.5
2098,9DBCBFD45366,4.5,3.5,3.5,3.5,3.5,3.0
1186,5C2A497012B9,3.0,3.0,4.0,3.5,3.0,3.0
2963,D49547B9FCB3,2.5,2.0,2.5,2.5,2.0,2.5
2489,B942E0DA6A0F,4.0,3.5,3.0,3.5,4.0,3.5
1891,8E91F0997B77,3.0,2.5,2.5,2.5,2.0,3.0
1755,84FC9651F650,3.5,3.0,3.5,3.0,3.0,4.0
1926,90F73F20ECF0,3.0,3.5,3.5,3.0,3.0,3.0
707,36677FE57D6B,3.0,2.5,3.0,3.0,3.0,3.0
3163,DEB7816C7CAF,2.0,2.5,2.5,2.0,2.0,2.0
3304,E52ADC86DFFC,2.5,2.5,3.0,3.0,2.5,2.5
2870,D03AC4A82463,2.0,2.0,2.5,2.5,2.0,2.0
2349,AE8A9585640A,3.0,2.5,3.5,2.5,3.5,3.0
2220,A56BCB594C0C,2.5,2.5,3.0,2.0,2.0,2.0
1688,8079089BC4D8,3.0,2.5,2.5,2.5,3.0,2.5
284,150C42083D49,3.5,4.5,4.0,4.0,4.5,4.0
1659,7DDFF6DA8655,3.5,4.0,3.5,3.5,4.0,3.0
920,46BB96D9BC9B,3.5,3.5,3.0,3.0,3.5,3.0
1433,6DA4157C9B4F,3.0,3.0,4.0,3.5,4.5,4.0
3359,E8257C027079,3.0,3.0,3.0,3.0,3.5,3.0
3295,E4905D0DD050,3.0,3.5,3.0,2.5,2.0,3.0
734,38AB1DF25E7F,2.5,2.5,2.5,2.5,2.0,2.5
1812,888A04678CCA,2.0,3.0,2.5,2.5,2.0,2.0
2392,B1D135A74E3D,3.0,2.5,3.0,2.5,2.5,3.5
2354,AEF788DA28DE,3.0,3.0,4.0,3.0,3.0,3.5
3869,FE722240CBB7,3.5,3.0,3.0,3.0,2.5,3.5
922,46E550A148DF,3.0,2.0,3.0,3.0,2.5,2.5
1402,6BFDA0FE1CB2,4.0,4.0,3.0,3.5,3.5,3.5
3674,F65622698950,2.0,2.5,3.0,2.0,2.5,2.5
167,0C91926E2BC6,3.5,2.5,3.0,3.0,3.5,3.5
2469,B7A0347C68C3,3.5,2.5,3.0,3.0,2.5,2.5
2273,AA0919FCDEDC,1.5,2.0,2.0,2.0,1.5,1.5
3631,F4C52358CE03,2.5,2.5,2.5,2.0,2.5,2.5
12,00D281524375,3.5,2.5,3.5,3.0,3.0,3.0
1546,76E5D0DEC30A,4.0,4.0,4.0,4.0,3.5,4.5
617,2EBC2F60AAE9,2.0,2.0,2.0,2.5,2.0,2.0
1092,5384378F1AC2,4.0,4.0,4.0,4.0,4.0,3.5
90,06C9FC1267BB,3.5,3.0,3.5,3.0,3.0,3.0
612,2E8A8C550F8D,3.0,2.5,2.5,2.0,2.0,2.0
3546,F100483B6259,4.0,3.0,4.0,4.0,3.5,3.5
1404,6C16FC9FE7A4,3.0,3.0,3.0,3.0,3.0,2.5
857,41DF6D292056,4.0,4.0,5.0,4.5,4.5,4.0
3688,F72B0C4DB804,4.0,4.0,3.5,4.0,4.0,4.0
3606,F386245C7C21,3.5,4.0,3.5,2.0,3.5,3.0
777,3C487F5D1994,3.0,3.0,3.0,3.0,2.5,2.5
1638,7C5E4E2779BF,2.5,2.5,2.5,2.0,2.0,2.0
1986,964E9DBFDBAA,3.0,3.0,3.0,3.0,2.5,2.5
2352,AEE8A576989C,2.5,2.0,3.0,2.5,2.0,2.5
3450,EC64EE12DBB4,3.5,2.5,3.0,3.5,3.0,2.5
3705,F7B5DF87EA1D,2.5,2.5,3.0,3.0,3.5,3.5
28,027CB6393714,3.0,3.0,2.5,3.5,4.0,3.0
1522,753391D5E480,3.0,3.0,3.5,3.5,2.5,3.0
1066,51CE1DCC5307,4.0,4.0,4.0,4.0,3.5,3.5
1911,8FFDA5B9D359,4.0,3.5,4.0,4.0,3.5,3.5
2538,BC8115EEB029,3.0,2.5,2.0,3.0,2.5,2.5
74,057EE790CCEA,2.0,2.5,3.0,2.5,3.0,2.0
515,2723DB12AC00,3.0,3.5,3.0,3.0,3.5,3.0
1309,64A8183557F7,3.5,3.5,3.5,3.5,3.0,3.5
2609,C1ACBD09B2FC,3.0,2.0,2.5,2.0,2.0,2.0
2227,A66E85DB3C56,3.0,3.5,3.5,3.5,3.0,3.5
2002,973B1B44F884,3.5,3.0,3.5,4.0,3.5,3.0
2157,A10E91E49973,3.0,3.5,4.0,3.5,3.0,3.5
1584,7907952E04B8,2.5,3.0,3.5,3.5,3.0,3.0
1517,74D9504A6EDD,2.5,2.5,3.5,3.5,3.0,3.0
116,08B72DCFD859,3.0,3.0,3.0,3.0,3.0,2.0
2341,ADFE2CDB6FF1,2.5,3.0,3.0,3.0,2.5,3.0
1072,523130079501,3.5,3.5,4.0,3.0,3.0,3.5
2691,C662BDD50395,3.0,4.0,3.5,3.5,4.5,3.5
1799,87B7C44BBB7C,3.0,3.0,3.5,3.5,3.5,4.0
2820,CDBB3ACAD2C8,2.5,3.5,3.0,3.0,3.0,3.5
3556,F13C7EC54868,3.0,3.0,3.0,3.0,3.0,3.5
3265,E3096B04916A,4.0,3.0,4.0,4.0,3.0,4.0
1600,7A0A80926A0D,2.5,3.0,2.5,2.0,2.5,2.0
622,2F10C8035FEA,2.0,2.5,2.5,2.5,2.5,3.0
3527,EFF1803E4B81,3.0,2.5,3.0,3.0,3.0,2.5
409,1F28812EE23D,3.5,3.0,3.5,4.0,2.5,3.0
2684,C649BC3F0C2D,3.0,2.5,2.5,2.0,2.0,3.0
1623,7B4B838D8360,2.5,3.0,3.0,3.0,2.5,2.0
115,08B25090A80C,3.5,4.0,4.5,3.5,3.0,3.5
288,15847C58ED47,2.0,2.5,3.5,3.0,3.0,3.0
3680,F6AA88DC9ACA,3.0,2.5,2.5,2.5,2.0,3.0
3256,E2D7273C427B,3.0,2.5,3.5,3.5,2.5,3.5
1181,5BE99F2E4030,3.5,4.0,4.0,3.5,4.5,4.5
337,192D02CF8C9E,2.5,2.5,3.0,3.0,2.5,2.5
3399,E9BFBEA772EF,4.0,4.5,4.0,4.5,4.5,4.5
2687,C6555F21F7CD,3.0,3.0,3.0,3.5,3.5,3.0
3060,DA1ABE125640,3.0,3.0,3.0,3.0,2.0,2.5
46,03F7CF142B70,4.0,3.0,3.5,3.5,3.5,3.0
747,3991A6F647D3,2.0,3.0,2.5,2.5,2.0,2.5
3581,F1F6D7CAE400,3.0,3.0,3.0,2.5,2.0,3.0
753,39F27C7223DB,3.5,3.5,3.5,3.5,3.0,3.5
462,22E55C32A973,2.5,3.5,3.5,3.0,3.0,3.0
1938,9255DC307B75,3.5,3.0,4.0,3.5,3.0,3.5
673,3418CB8125B3,2.0,3.0,3.0,2.0,2.0,2.5
2712,C7A28C7A3786,2.0,1.0,2.0,2.0,1.5,1.0
1201,5D2B8506EC4F,2.5,2.5,2.5,2.5,2.5,2.5
3518,EFB208F9EF60,3.0,2.5,2.5,2.5,3.5,2.5
424,202C217E354A,1.5,2.0,2.5,2.0,2.0,1.5
325,17D51D57629D,3.5,3.5,3.0,3.5,3.0,3.5
664,33AF50FB5ED9,4.0,3.5,4.0,3.5,3.5,4.0
350,1A3D750157B1,2.5,2.0,3.0,2.0,2.0,3.0
447,219A0A3B6B5D,3.5,3.0,2.5,2.5,2.5,2.5
709,3691B4714FD5,4.0,3.5,4.0,3.5,3.5,3.0
3089,DB69B98973B6,4.0,3.5,4.0,4.0,4.0,3.5
1924,90E5BB6CBE11,3.0,3.0,3.5,3.0,2.0,2.5
1722,8283155E54A0,2.5,2.0,2.5,2.5,2.5,2.5
1221,5EE526AB840B,4.0,3.0,3.5,3.0,3.0,3.0
3292,E47A7E497F78,3.0,3.5,3.0,3.0,3.0,2.5
1149,5902D762C891,2.5,2.0,3.0,2.5,2.0,2.0
387,1D75D76AC202,3.0,3.5,3.5,3.5,4.0,4.0
1369,694C96A1E9A0,3.0,3.0,3.0,3.5,3.0,3.0
1337,66F7AD6B99E2,3.0,2.5,3.0,3.0,3.5,2.5
754,39F578D9212E,3.0,3.5,3.0,3.5,3.5,4.0
2186,A35B4B7CBD24,4.0,3.5,3.0,3.0,4.0,4.0
451,21FB103CCBBF,3.5,3.0,3.0,3.0,3.5,3.0
1194,5C764A810680,3.5,2.5,3.0,2.5,3.5,3.5
699,35CF1B2B1326,3.5,2.5,3.0,3.0,3.5,3.0
2247,A83B38711F26,2.5,2.5,2.5,2.5,2.0,2.0
1608,7A7D7BC53938,3.5,3.0,3.0,3.0,3.0,2.5
830,4002D91C6B6C,3.0,2.5,4.0,3.0,3.5,3.0
3150,DE1A1149D54B,3.5,3.0,4.0,3.5,3.5,3.5
950,48ADCBFC8376,3.0,3.0,2.5,2.5,3.5,3.0
3067,DA674E9EB26C,4.0,3.0,3.5,3.5,3.5,3.5
3602,F3259CFA6566,5.0,4.0,4.5,4.5,4.0,4.0
2444,B596C01C5E87,3.0,3.0,3.5,3.0,2.5,3.0
1734,833489139971,3.5,3.5,3.0,3.5,4.0,3.5
1413,6C9BFD05D35D,3.5,3.5,4.0,3.0,3.5,3.5
1409,6C802D3F5F2A,3.5,3.5,3.5,3.0,4.0,4.0
3884,FEE662801AF4,2.5,2.0,2.5,2.5,2.5,2.0
3464,ED0A8E614649,4.5,3.5,4.0,4.0,4.0,3.5
1177,5B0E80E62A8C,3.0,3.0,2.5,3.0,3.0,3.5
3415,EA8BE9778AA9,3.5,2.5,3.5,2.5,3.0,3.0
2006,97A0FFE91A3E,2.5,2.5,3.0,3.0,2.0,2.5
1253,60ACDFA1609E,2.0,2.5,2.5,2.0,2.5,2.5
2477,B83DD09D3129,2.0,2.0,2.0,2.0,2.0,2.5
21,01911AC9674D,2.0,2.5,2.5,2.0,2.0,2.5
1305,642CB997325C,4.0,4.0,3.0,4.0,4.0,4.0
2814,CD99E2D6DBE9,2.5,3.0,4.0,3.5,3.5,3.5
2440,B54DBEF87F11,3.5,3.5,3.0,3.5,3.5,3.0
2298,AB9527C4A312,2.5,2.5,3.5,2.0,2.0,3.0
3435,EBD07D2D103C,3.0,2.0,3.5,3.0,3.0,2.5
3107,DC1271D1294D,3.5,3.0,4.0,3.0,4.0,3.5
671,33F18D5D8867,4.0,4.5,4.0,4.0,4.0,4.5
3886,FF190BD8380B,3.5,3.5,3.5,3.5,3.0,3.5
1941,92B8F2F85C44,4.0,3.5,4.0,4.5,4.0,3.0
845,40DD3FF566D8,3.5,3.5,3.5,3.0,3.0,3.5
694,3567E4ED2023,2.0,2.0,2.5,3.0,2.0,2.5
3231,E1D1EFCFD8CD,2.5,2.0,3.0,3.0,3.0,2.5
1353,68256AC96C72,4.0,4.0,4.0,4.0,3.5,4.5
1133,57ED5BC70E40,3.5,3.5,3.0,3.0,3.0,3.5
869,42AD5E1F4167,2.5,2.5,3.0,2.5,3.0,2.0
604,2DAA07621328,3.0,3.0,3.5,3.5,3.5,3.0
834,402CAB074577,4.5,4.0,4.5,5.0,4.0,4.0
3205,E0BDF62838F7,3.0,3.0,2.5,2.5,3.0,3.0
627,2F7B0CE01B4B,3.5,3.0,4.0,4.0,4.0,4.0
902,453ACA22D3B4,3.0,2.5,2.5,2.5,2.5,2.0
2904,D1C316C7ED37,2.5,2.5,3.0,3.5,3.0,2.5
1747,8415937CA4D9,3.0,2.5,3.0,3.0,3.0,2.5
2748,CA290993DFBA,3.0,3.0,4.0,4.0,3.5,3.5
2051,9A9924C0CA97,2.5,2.5,2.5,3.0,3.5,2.5
2757,CA64C82B0F26,2.5,3.0,2.5,2.5,3.0,3.5
3871,FE7BFE19D977,2.5,2.5,3.0,2.5,2.5,3.0
321,172F67E7FBBC,3.0,3.0,4.0,3.5,4.0,3.5
3192,E060D90D6CB9,3.0,3.5,3.0,3.5,3.5,3.0
696,35A1342EF397,4.0,4.0,4.5,3.0,3.5,3.5
1179,5B2FC963E89D,2.0,2.0,3.0,2.0,2.5,2.5
2778,CBA73A4D5C18,3.0,2.5,3.0,2.5,2.0,3.0
624,2F3210D23414,4.0,3.5,3.5,3.5,4.0,4.0
3629,F4BE7BB77A43,2.5,2.5,3.5,2.5,2.0,2.0
2173,A25E8EBA43CA,3.0,2.0,3.0,2.5,2.0,2.5
1011,4DB99E2F46E3,4.0,3.5,3.5,3.5,3.0,3.0
1480,7270750C775E,2.5,2.5,2.5,3.5,2.5,2.5
1090,53607F113053,3.0,3.5,3.5,3.5,2.5,3.5
848,410D72D3CCE8,3.5,3.0,3.5,3.5,3.5,3.0
3282,E4051C85D12E,2.5,2.5,3.0,2.0,3.0,2.0
780,3C78D0790E7B,3.5,4.0,3.5,4.0,3.5,3.0
605,2DDFC0DFC442,3.5,3.5,3.5,3.5,3.5,3.0
174,0D382343F3D7,4.0,4.0,3.5,3.5,4.0,4.0
1202,5D4D6519DF94,4.0,4.5,4.5,4.0,5.0,4.0
2269,A9B3B0AEE38B,3.0,3.0,3.5,3.0,4.0,4.0
2463,B744CD534ADB,4.0,3.0,3.5,3.0,2.5,3.5
100,078201045481,2.0,2.0,3.5,2.5,2.0,2.5
1243,6013DA298542,2.0,2.5,3.0,3.0,3.0,2.5
741,392BCD798D37,2.5,2.0,2.5,3.0,2.0,2.5
334,18EA27A2E333,3.5,2.5,3.5,3.0,3.0,3.0
2908,D203157DCBF0,3.5,3.0,4.0,3.5,3.5,4.0
3561,F166A6757369,3.0,2.5,3.0,2.5,2.5,3.0
2882,D0CC47FFC293,4.0,4.0,4.0,4.0,4.0,4.0
1705,8149E792E505,2.5,2.5,3.0,2.0,3.0,3.0
2881,D0C50EB5CB1F,2.0,3.0,3.0,2.0,2.0,3.0
594,2CDDE76979DD,3.5,3.0,3.5,3.5,3.5,3.0
2987,D6407F1D3515,4.0,3.5,3.5,4.0,3.5,4.0
1333,6642E181B08D,3.0,2.5,3.0,3.0,2.0,2.0
2214,A5073B74C615,3.5,3.0,3.5,3.5,3.0,3.5
3788,FAA0197AFF57,2.5,3.0,2.5,3.0,2.5,2.0
1551,7726A1F9C660,3.5,4.0,3.5,4.0,3.0,4.0
3270,E34E1B7D1691,4.0,4.5,4.5,4.0,4.5,4.0
1542,7680EF5AD3CB,3.5,3.5,3.0,4.0,4.0,3.5
3325,E64FBE962223,3.5,2.5,3.0,3.0,2.0,2.5
327,17E521D5F29C,3.5,4.0,3.0,3.5,3.0,3.0
1933,918C1880FCD8,4.0,3.5,3.5,4.0,3.5,3.0
640,310CDA45739E,3.0,3.0,3.5,3.0,3.5,3.5
2152,A0BC5780C987,3.0,3.5,4.5,3.0,4.0,3.5
2042,99ECAD55ABD3,3.0,2.5,3.5,3.5,3.5,3.0
2863,CFD454F55693,2.5,1.5,3.0,3.0,2.5,3.0
1468,71A9098715EB,3.5,3.5,3.5,4.0,3.5,3.0
1838,8A80B525C75D,2.0,3.0,3.0,3.0,3.0,3.5
3046,D9AAC11BC7AC,3.0,3.0,3.0,3.0,3.0,2.5
3123,DCCA609D1212,2.5,3.0,3.0,4.0,3.5,3.5
3901,FF9E0379CD98,3.5,2.5,3.0,3.0,2.0,2.5
460,22CFD6C961E3,3.0,3.5,4.0,4.0,4.0,3.5
1046,4FD5B8B612C6,3.0,2.5,3.5,3.0,3.5,3.0
1398,6BC83A3F4934,2.0,2.5,2.5,2.5,2.5,2.5
1562,77BD30EC277D,4.0,4.0,4.0,3.5,3.0,3.5
1975,9551DA943B01,4.0,4.0,4.0,4.0,4.0,4.0
2633,C31C0ED2A05C,3.0,3.0,3.0,3.0,2.0,3.0
419,1FC46D4B9D8C,3.5,2.5,2.0,2.5,2.5,3.0
738,38EE843B5CD1,3.0,3.5,3.0,3.0,3.0,4.0
1879,8DBBADC05A43,2.5,2.0,2.5,2.0,2.5,3.0
1389,6B370155C425,3.0,3.5,3.5,3.5,3.0,3.0
1438,6E5F280580C4,3.0,3.0,3.0,2.0,2.5,3.0
497,2580A540719C,3.0,3.0,3.5,4.0,3.5,3.0
2750,CA2B324678EA,4.0,3.5,3.5,4.0,3.5,3.0
375,1C911B0C2A2D,2.5,2.5,2.5,2.0,2.5,2.0
975,4AAD1243DE3D,2.0,3.0,3.0,3.0,2.5,3.0
1209,5DB370AD8EFB,3.5,3.5,3.0,4.0,4.0,3.5
3451,EC773C38B72C,3.0,3.0,3.0,3.0,2.5,2.5
404,1E8ABB190763,3.0,2.5,3.0,3.0,2.0,2.5
2467,B7938A92A4F9,3.0,2.5,3.0,2.5,2.0,3.0
1425,6D21E6095A62,4.0,4.0,4.0,4.0,4.5,4.5
93,06F5F6A09DC6,4.0,4.0,3.5,4.5,4.5,3.5
3204,E0BABC4506D0,3.0,3.0,3.0,3.0,3.0,2.5
1769,85F4C57672EA,4.0,3.0,3.0,3.5,3.0,4.0
2221,A570CD64F0F9,5.0,4.0,4.0,4.5,5.0,4.0
2738,C972C565A819,3.5,3.0,3.0,2.5,2.5,3.0
1849,8B1EB1890F9B,2.5,2.0,3.0,3.0,2.0,2.5
827,3FD4C280E4EF,3.5,3.5,4.0,3.5,3.0,4.0
428,2082C42A8F43,4.0,3.0,3.5,3.5,3.5,4.0
1889,8E6F35BA3EE6,3.0,3.5,4.0,3.5,3.0,3.5
3366,E877D5AD16DA,2.5,2.0,3.0,2.5,3.0,2.5
3187,E03B0AA78E40,2.5,2.5,3.0,2.5,3.5,3.0
3633,F4D07B2A60F9,3.0,3.0,3.0,4.0,3.5,3.5
2766,CAC2F2EE4C2D,2.0,2.0,2.0,2.0,2.0,1.5
282,14ED79D68BC4,2.5,3.0,3.0,2.5,2.5,2.5
2899,D1A682106D3C,3.0,4.0,3.0,3.5,3.5,3.0
3168,DEDCC703F6FC,4.0,3.5,3.5,3.0,3.5,3.5
343,198F2ABF2971,4.0,3.5,4.5,3.5,3.0,3.5
2683,C623A886C6E7,3.0,3.5,3.0,3.0,2.5,3.5
2786,CBF62E8FFA1B,3.0,3.5,3.5,3.5,3.5,3.0
2547,BD8683F93B5A,3.5,3.0,3.0,3.5,3.0,3.5
3146,DDD24AF9146F,2.5,3.0,4.0,3.5,3.5,3.0
1113,56080A912BB5,2.0,2.0,2.5,2.0,2.5,2.0
1574,7862D2AE5697,2.5,3.0,3.0,2.5,3.0,2.0
691,352F0193E251,4.0,3.0,3.0,3.5,4.0,3.5
0,0016926B079C,3.5,3.5,3.0,3.0,4.0,3.0
1582,78E8970D0C13,3.0,2.5,3.0,3.0,2.5,2.5
1707,81674F80999A,3.5,2.5,3.0,2.5,2.0,2.5
1416,6CB7C1B3C548,3.5,3.5,4.0,4.0,4.0,3.0
2021,988BFF516FA0,2.5,2.5,3.0,3.0,2.5,3.0
3221,E1898E71ABD6,3.5,4.0,3.0,3.0,4.0,3.5
2003,97472A5E870A,2.5,2.5,3.0,2.5,3.0,2.5
1993,96F4AB949807,2.0,1.0,2.0,2.0,2.0,2.0
2974,D5916B1F52BB,3.0,2.0,3.0,2.5,2.5,2.0
1131,57DFE525E50A,4.0,4.5,5.0,4.5,4.5,4.0
2304,ABD38929777A,3.0,2.5,2.0,2.0,2.5,3.0
1247,605BF3B67175,3.0,3.5,4.0,3.0,3.5,3.5
3481,EDFFA0E4D88C,4.0,3.5,4.0,4.0,4.0,4.0
2375,B067F0CBE15C,3.5,3.5,3.5,3.5,3.0,3.5
2150,A0B58CDB939A,3.5,3.5,3.5,3.5,3.0,2.5
2261,A93471B62AF5,4.0,4.0,3.5,4.0,4.0,4.0
3904,FFAEAF8D0C90,2.5,2.0,2.5,1.5,2.0,2.0
1159,599128B82FF0,3.5,3.0,3.0,3.5,3.5,3.5
2900,D1A866170CEA,3.5,3.5,3.0,4.0,3.0,3.5
246,1214E4605B0C,4.0,3.5,3.5,3.5,3.5,3.0
3881,FEC7696871E4,2.5,2.5,3.0,3.5,3.0,3.0
3517,EFACA593A52B,3.5,3.5,4.0,4.0,2.5,3.5
2685,C652190DB53F,4.0,3.5,3.0,3.5,3.5,3.5
1671,7F0703CF058E,2.5,2.5,3.0,2.5,2.5,3.0
929,47261D6E0F08,4.5,3.5,4.0,3.5,3.0,3.5
3583,F2165F132C87,3.5,3.0,4.0,3.5,3.5,4.0
1461,70D93EF3CE5F,2.5,3.0,3.0,3.0,2.5,3.0
3273,E362F08345FE,2.5,2.5,2.5,2.5,3.0,2.0
1971,9523FBA791BE,4.5,4.5,4.0,4.0,4.5,4.0
365,1BD023792E29,3.5,4.0,4.0,3.5,4.5,4.5
2296,AB834A70D155,3.0,2.5,3.0,2.5,2.0,2.0
736,38CADC812CBA,2.5,2.5,3.0,3.0,2.5,3.5
26,0230A077F5B6,3.0,2.5,2.5,2.5,2.0,2.5
2884,D10BBD82D66F,3.5,3.5,4.0,3.5,3.0,3.0
1441,6E842F21D6E4,3.5,3.0,3.5,3.0,2.5,3.0
3722,F85B1C875E6C,3.5,3.0,3.5,3.0,3.5,3.0
680,346E77F08903,1.5,1.5,1.5,1.5,1.5,2.5
3433,EBA7A8A0384C,4.0,3.0,3.0,2.5,3.0,3.0
1250,6060D28C05B6,3.0,3.0,3.0,3.0,3.0,3.0
3,003885A45F42,4.5,4.5,4.5,4.5,4.0,5.0
2182,A2EF5BCC488B,3.0,3.5,4.0,3.5,4.0,3.5
837,40467A05CC2A,3.0,2.5,3.0,3.0,2.5,2.5
2403,B2B6C25D967A,2.0,2.5,2.5,2.0,2.5,3.0
292,15AC952FFBC1,3.5,4.0,3.5,3.5,3.5,4.0
698,35C5C7E2BB5E,3.5,4.0,3.5,3.5,3.5,3.5
1048,4FFF2AD2EAE8,3.0,3.5,3.5,3.5,3.5,3.5
3613,F3BFC265844A,3.0,2.0,2.5,2.5,2.5,2.0
3200,E08B2DFE266D,3.5,3.0,2.5,3.0,2.0,3.0
2417,B39F335086FB,3.0,3.0,3.5,3.5,2.5,3.5
3673,F62B971B739E,3.0,2.5,2.5,2.5,2.0,3.0
3815,FC0B49DA0438,3.0,3.0,3.5,2.5,3.0,3.5
1667,7EA986233EDA,3.5,2.5,3.5,3.0,3.0,3.0
1963,941A269CE055,2.5,3.0,3.0,2.5,2.0,3.0
1249,605DDF3EA948,3.0,3.0,2.5,2.5,2.5,3.0
2274,AA0CD6D22CA3,4.0,4.0,3.0,3.0,3.0,3.0
1298,63AB55DADABF,4.0,4.0,4.0,3.5,4.5,3.5
1868,8C880B194034,3.0,2.0,3.0,2.5,2.5,2.5
2387,B18CF330D3CD,5.0,4.5,4.0,4.5,4.0,4.5
1443,6EA18B20DA5A,3.5,3.0,3.5,3.0,3.0,2.5
2671,C57371A3E79F,3.0,3.0,4.0,3.5,4.0,3.5
603,2D940E7F240C,4.0,3.0,3.0,3.0,4.0,4.0
1289,62EA3F855DB2,3.0,2.0,2.5,2.5,3.0,2.5
2502,BA1651806E60,2.5,2.0,2.0,3.0,2.5,2.5
63,04FA62C5F269,2.5,3.0,2.5,2.5,2.0,2.0
1579,78C22313F58E,3.0,3.0,3.5,3.0,3.0,3.0
1883,8E10A6D2B272,4.0,4.0,3.5,4.0,4.0,4.0
990,4BE3F5DCD6C9,2.5,3.0,3.0,2.5,2.5,3.0
1384,6AB122D640E1,3.0,2.5,3.0,2.5,2.5,2.5
237,11402548A471,4.0,4.0,4.0,4.0,3.5,4.0
650,325B2F7BB3B1,3.0,3.5,3.0,3.0,3.5,3.5
1967,94C1C9CD10B7,3.5,4.0,4.0,4.0,3.5,3.0
112,085C8B43ADD6,3.0,2.5,3.0,3.0,2.5,3.0
3024,D87F1B0CE93F,3.0,3.5,4.0,4.0,4.0,3.5
1348,67E711AF87A2,3.0,3.0,2.5,3.5,3.0,2.5
804,3E607F7C98ED,3.0,3.5,3.5,4.0,3.5,4.0
1556,777E845C3A93,3.0,3.0,2.5,2.5,2.5,2.5
577,2BE11993FB5F,3.5,3.5,3.0,3.0,3.5,3.0
1834,8A4D99910F10,3.0,3.0,4.0,3.5,3.0,2.5
126,09A801B564F5,3.5,3.0,3.5,3.5,3.5,3.5
3331,E6CF2D3B4FA2,3.5,3.5,4.0,3.5,4.0,3.5
3056,D9FA943B5453,4.0,3.5,4.0,3.5,3.0,3.0
3748,F93A5B7E57AF,4.5,3.0,4.5,4.0,4.0,4.0
3491,EEB4D170D513,4.0,4.0,4.0,3.5,4.0,3.5
3571,F19CD0CE3534,3.0,2.5,2.5,2.5,2.5,2.5
851,41641B53F554,3.0,3.0,3.0,3.0,2.5,2.5
2742,C99B244B9A0A,3.0,2.0,3.0,2.5,2.5,3.5
2185,A356547BF789,3.5,2.5,3.5,3.0,3.5,2.5
3057,D9FB5E411A4F,3.0,2.0,3.0,2.5,2.0,2.0
3522,EFD563DFAC60,3.5,3.5,3.5,3.0,3.5,3.5
7,008DDDDD8E8D,2.5,2.5,2.5,2.5,2.5,2.0
2550,BD9FE34E4670,3.0,3.5,3.0,3.0,3.5,3.0
854,41D5C14587DA,2.5,3.0,3.0,3.5,3.5,3.0
2995,D6B34BAFC908,3.0,2.5,3.0,3.5,2.5,3.5
2679,C5FF203DE2DE,3.5,3.0,3.0,3.5,3.5,3.0
3724,F86C79CE78F4,2.0,2.5,2.5,2.0,2.5,2.0
2977,D5AC4A35BAF8,3.0,3.0,3.5,3.0,3.5,2.5
3559,F160E7B1FD96,4.0,4.0,3.0,3.5,4.0,3.0
407,1F0A461A2589,3.0,3.0,3.0,3.0,2.5,2.5
3858,FE2115055812,3.0,3.0,3.0,3.0,2.0,3.5
2405,B2D03F892B0D,2.5,3.0,3.0,3.0,3.0,2.5
153,0B953049AE1E,3.5,4.0,4.5,4.5,3.5,3.5
1566,78018FB48420,3.5,4.5,4.0,4.5,4.5,4.5
2391,B1C410876D33,3.0,3.0,3.0,3.0,2.5,3.5
2353,AEEEF8816516,3.5,3.0,3.0,3.5,2.5,3.0
1004,4D377B163021,3.0,2.5,3.0,2.5,3.0,3.0
2660,C4A5B0BAEB44,2.5,3.0,2.5,2.5,2.0,2.0
3471,ED74D2C2403B,2.5,3.0,2.5,2.0,2.0,2.0
280,14CC79B9F334,3.5,3.0,3.5,4.0,3.5,3.5
3621,F44D5A636C2F,2.5,3.0,3.0,2.5,3.0,2.5
3848,FD9A86C8DA31,3.5,2.5,3.5,3.5,2.5,3.0
3128,DCED139D2C03,3.0,3.0,3.0,3.0,3.0,3.0
400,1E492FE5045A,3.0,3.0,4.0,4.0,3.0,4.0
1596,79BE4A2D8223,3.0,3.5,3.0,3.5,3.0,4.0
1497,7370AB0DDC7F,3.0,2.0,3.0,3.0,2.5,2.0
2516,BB06ADBF1640,2.5,2.5,2.5,2.5,2.0,2.0
1479,72635AF44FA7,4.0,3.5,4.0,3.0,3.5,3.0
3281,E3E6D43F34B2,3.5,3.5,3.5,3.0,3.5,4.5
1800,87B7FE5BD9D7,3.0,2.5,3.0,2.5,2.5,2.5
2009,97EF67C73A5E,2.5,3.0,2.5,2.5,2.5,3.0
504,263A29FC4FB1,3.0,3.0,3.0,3.0,3.0,3.0
2582,BFAEA615906C,4.0,3.5,4.0,3.5,4.0,3.5
3064,DA43320FCA57,2.0,2.5,3.0,2.5,2.0,2.5
1744,840357B74A16,4.0,3.5,3.5,4.0,3.0,4.0
903,453F18C3C8BD,2.5,2.0,2.5,2.5,2.0,2.0
2040,99CAD0AF3560,3.5,3.0,3.0,3.5,3.5,3.5
3500,EEEF07B3D146,4.0,4.0,4.5,4.0,3.5,4.0
1672,7F0B7DDE89B2,2.0,3.0,2.5,3.0,3.0,3.0
550,2A18E2265D9E,4.0,3.0,3.0,3.0,3.5,4.0
1862,8C3557D720F5,4.0,3.5,4.0,4.0,3.5,3.5
3693,F73B27B9A443,4.0,3.5,3.0,4.0,4.0,4.5
1805,880188B5EED8,3.5,3.5,3.5,4.0,3.5,4.5
3372,E8AB23A796F1,2.0,3.0,3.0,2.0,2.0,2.0
3528,F0078F48B6D1,3.5,4.0,3.5,4.0,4.0,3.5
1130,57D4C53890E6,3.5,3.5,4.0,4.0,3.5,3.0
945,4844CF56336D,4.5,3.0,4.0,4.5,4.0,4.0
163,0C7D385D812A,3.0,3.0,3.5,3.0,2.5,2.5
1660,7E109A7AC169,3.0,3.5,3.0,3.0,2.5,3.0
1690,80AD3F379BD1,2.5,2.0,3.0,3.0,2.5,2.0
2384,B106E3896C56,3.0,2.5,3.0,3.0,3.5,2.5
2107,9E40BFCC6F62,3.0,3.0,3.5,3.5,3.0,2.5
3166,DEC50B420484,2.5,2.5,3.0,2.5,3.0,2.5
3777,FA4D2DB3B9EA,3.0,3.5,3.0,3.0,3.5,3.5
3841,FD462BF89F7D,3.0,2.5,3.0,2.5,2.0,2.0
1514,749E089D7992,2.5,2.0,3.0,2.5,2.5,2.0
3398,E9947D032E7B,2.5,3.5,3.0,2.5,2.5,3.0
449,21EFAE02832D,2.0,2.0,3.0,3.0,2.0,3.0
2903,D1B9A2A7BEDA,3.5,3.5,3.5,3.5,3.0,3.0
941,4810EA26495B,3.5,3.0,3.0,3.0,2.5,3.5
2834,CE54FF437FFC,2.5,3.0,3.0,2.5,3.0,2.5
3696,F75BD3928377,3.0,2.5,3.0,2.5,2.5,2.0
1532,75D13F3E0B2E,2.5,3.0,3.5,2.5,2.5,3.5
1847,8B155840CA6D,4.5,4.5,3.5,4.5,3.0,3.5
437,20FB731C7598,2.5,2.5,3.0,3.0,3.0,2.5
1314,65051CE36DA7,3.5,3.0,3.0,3.5,3.5,2.5
3445,EC2758A5B74E,5.0,5.0,4.5,5.0,5.0,4.5
786,3D29C845934D,4.0,4.5,4.0,4.0,4.5,4.5
873,430762044028,3.0,3.0,3.0,2.5,2.5,2.5
739,38FA6185D43F,3.5,3.5,3.5,3.5,3.5,4.0
2867,D0056301ADA8,3.5,3.5,3.5,3.0,3.0,3.5
3291,E4643D2ADD0A,4.0,3.0,3.5,3.0,4.0,4.0
1006,4D3CF318797A,3.5,4.0,3.5,4.0,3.5,3.5
1844,8AD96DB8DD9F,4.5,3.5,4.0,3.5,4.5,3.5
586,2C76B87A843F,3.5,4.0,3.5,4.0,4.0,4.0
1306,642E44E8DD25,3.0,3.0,3.0,2.5,2.5,2.0
2989,D669349412FB,1.0,1.5,2.0,2.0,2.0,1.5
348,1A2894059051,3.5,3.5,2.5,3.0,3.5,3.0
2471,B7C150A40F86,4.0,3.5,4.0,3.5,4.5,4.0
1028,4E91C3BA11D0,3.0,3.5,4.0,3.5,3.5,3.0
1163,59E62F702421,3.5,3.5,3.5,3.5,3.5,4.5
2511,BAAFCD5BD313,2.5,2.5,3.0,2.5,2.5,3.0
3279,E3DBC3B092A7,2.5,2.5,3.0,3.5,2.5,3.0
3208,E0DF99CD1D9C,2.0,2.5,2.5,2.5,2.0,2.5
3782,FA63EE28501A,3.5,3.0,3.0,3.5,2.5,3.0
1541,767920BDAD93,3.5,3.0,4.0,3.5,3.5,3.5
2701,C6EE9996089C,2.0,2.0,2.5,2.5,2.5,2.0
573,2B9FE67B7465,4.0,3.0,3.0,3.5,3.0,4.0
647,31EEF9A4A29B,4.0,3.5,3.5,3.5,3.5,3.5
595,2D0A261453D0,3.5,4.0,3.5,4.0,4.0,3.5
2938,D36CCF111F86,3.5,4.0,4.0,3.5,4.0,3.0
1251,60623DB5DE7A,4.5,3.5,4.0,4.0,4.0,4.5
1558,7797541CF0A6,2.5,2.5,3.0,3.0,2.0,2.5
3396,E98862049B2E,3.0,3.0,4.0,3.0,4.0,3.0
3348,E7A9FD471BE3,3.5,3.5,3.0,3.5,3.5,3.0
1308,649C7912163C,4.0,5.0,4.5,4.5,5.0,4.0
470,2379CD1725FE,2.5,3.0,2.5,2.5,2.5,2.0
800,3E170458E9A1,2.0,2.0,2.0,2.0,2.0,2.5
281,14D2867090F2,3.0,2.5,4.0,4.0,4.0,3.0
932,47470951BBDB,3.0,2.5,3.5,3.5,3.0,3.0
732,389752B5BECF,3.0,3.0,3.0,3.0,2.5,3.5
2763,CA966FF7F1E6,2.5,3.0,3.5,3.0,3.0,3.0
2880,D0A5FF29C338,4.0,4.0,4.0,4.0,3.5,3.0
2999,D7301CAAFAB0,2.5,2.0,2.5,2.0,2.0,3.0
3568,F17F4DF6095D,3.0,2.5,2.5,2.5,2.0,2.5
1144,58E485E875D5,4.0,3.0,3.5,2.5,3.0,3.5
1617,7B00EEFA1313,2.0,2.0,2.5,2.5,2.0,2.5
3386,E91D1A0039C3,3.5,3.0,3.5,4.0,4.0,3.5
3085,DB2E935F461F,4.0,3.0,3.5,3.5,4.0,3.5
3506,EF455BB07922,2.0,2.0,2.0,2.0,2.0,2.0
2503,BA3B6D562BB1,2.5,3.0,3.0,2.5,2.5,3.5
584,2C58AE2BD566,3.0,3.0,3.0,2.5,2.0,2.5
2195,A3A5003C8AD1,3.5,4.0,3.5,3.5,4.0,4.0
160,0C28481DFBB8,4.0,3.0,3.0,3.0,2.5,3.5
1111,55C7EC027A88,4.0,3.5,4.0,4.0,3.5,3.0
2798,CC8C5C963660,3.5,4.0,3.5,4.0,3.5,3.5
1915,90526CA48E47,3.5,3.0,3.5,3.0,4.0,2.5
3165,DEC2A1A6A1CA,4.0,3.0,4.0,3.5,4.0,3.5
859,41F8A61B0BB8,2.5,2.5,3.0,3.5,3.5,3.0
952,48EA282A4EAF,1.0,1.0,1.0,1.0,1.0,1.0
3577,F1B4412674FE,3.0,3.5,4.0,3.5,3.0,3.5
1331,66241AEC8351,3.0,3.5,2.5,3.5,4.0,3.0
1219,5EB7A0B134B4,2.5,2.0,2.0,2.0,2.5,3.0
1215,5EA0A8768F94,3.5,3.5,3.5,3.5,4.0,3.0
2676,C5DE10EA489B,3.5,3.5,4.0,3.0,3.5,3.5
606,2DE38160D46B,3.5,4.0,3.5,3.5,4.0,3.0
164,0C88A0C1602B,4.0,3.5,3.5,3.5,3.0,4.0
2154,A0D47C0DD67F,3.0,3.0,3.0,2.0,2.0,2.0
1040,4F7F24918F42,4.0,4.5,4.5,4.5,4.5,4.5
1978,959946A3FB03,3.0,3.5,3.0,3.5,3.5,3.5
2665,C51C5EA029D6,3.5,3.5,3.5,4.0,3.5,3.5
3747,F92C1E979556,2.5,3.0,3.0,2.0,2.5,2.5
329,1846CE5F244D,2.5,2.5,3.0,2.0,3.0,2.5
2011,9818D8926288,2.5,2.0,2.0,3.0,3.0,2.5
2528,BB8DBBD8C4AB,3.5,3.0,3.5,3.5,4.0,3.0
2546,BD67708C0609,3.0,3.5,4.0,4.0,3.5,4.0
3769,FA11AB7CD13F,2.5,3.0,3.0,2.5,3.0,3.5
1429,6D728858E86F,3.5,3.0,3.5,2.5,3.5,3.5
3618,F43067F5C920,3.0,3.0,3.5,3.5,2.5,3.0
2141,A00A8837B25B,4.5,4.0,4.0,4.0,4.5,4.0
809,3E9DF0451049,2.5,2.0,3.0,3.0,2.5,2.5
433,20BC5CCE8C64,3.5,3.0,3.5,2.5,3.0,3.0
1107,558B9106B99B,2.5,3.5,2.5,3.0,3.0,3.0
2091,9D6E844DBDF2,2.5,3.0,2.5,2.5,2.5,3.5
860,420269F2DE40,2.5,3.0,3.0,3.0,2.0,2.5
274,13E1CB9819CB,3.5,4.0,4.0,4.0,4.5,3.5
967,49E2BDE820BD,2.5,2.5,2.5,3.0,3.0,2.5
2758,CA73BDEC2752,4.0,4.0,3.5,4.0,3.5,3.0
3486,EE6ECB910EB2,3.0,2.0,3.0,3.0,2.5,3.0
3861,FE3F2F729D98,2.5,2.5,2.5,2.0,2.5,2.5
3413,EA5B3C8E09D1,3.5,3.5,3.5,4.0,4.0,4.0
2139,9FE2FE6E997E,4.0,3.0,4.0,3.0,3.0,3.5
1346,67D7FC66C2F6,3.0,3.5,3.5,4.0,3.0,3.5
2813,CD81F6CCE819,3.0,2.5,3.5,3.5,2.5,4.0
885,444D784C5791,4.0,4.0,3.5,4.0,3.5,4.0
556,2A96CE614119,3.0,3.0,3.5,3.5,3.0,3.5
908,45DF17CF4937,3.5,3.5,3.5,3.0,3.5,3.5
1381,6A7F75AD2ADE,3.0,2.5,3.0,2.5,2.0,3.0
2117,9EADCECA2FB8,2.5,3.0,3.0,2.5,3.0,3.0
2562,BE68C5AB58A1,2.0,2.0,3.0,2.0,2.0,2.5
509,269026CFBEC9,2.0,2.0,2.5,2.5,2.5,2.0
2388,B1A435B54D4A,4.0,2.5,3.0,3.0,3.0,2.5
221,10A367BB87EB,3.5,3.0,3.5,3.5,3.5,4.0
1297,638D7F913AAB,3.5,3.5,3.5,4.0,3.0,3.5
146,0B1599B11FCF,3.0,3.0,3.0,2.0,2.5,2.0
3361,E83BE2C46D0D,2.5,3.0,3.5,2.0,2.0,3.0
1777,869B37DA1D3E,3.5,2.5,2.5,3.0,3.5,2.5
1053,5061F044BC43,3.5,3.0,3.5,2.5,3.0,3.0
1822,895FFC078777,3.5,3.0,3.5,4.0,3.5,3.5
3186,E033F3B6B044,2.5,3.5,2.5,3.0,2.5,2.5
2851,CF288DDE1328,3.5,3.5,3.5,3.5,3.0,3.0
508,26788FA4ED04,3.5,4.0,3.5,3.5,3.0,3.5
323,174C4761FEA2,3.0,3.5,3.5,3.5,4.0,4.0
1561,77BB33DB5187,3.0,2.0,3.0,2.5,3.0,2.5
176,0D65AF80CDE7,2.0,2.5,2.0,2.0,2.5,2.5
2852,CF290C0884F0,3.0,2.0,3.0,2.0,2.5,2.5
1908,8FE04E30F621,3.5,3.5,3.5,4.0,4.5,3.5
168,0CB1237268E3,2.5,3.0,3.0,2.5,3.0,3.0
3419,EAB74EEE65B3,3.5,3.5,3.0,4.0,3.0,4.0
1400,6BE1E93612AE,3.5,2.5,3.0,2.5,2.0,2.5
3825,FC7F226294EE,2.5,3.0,3.0,3.0,3.0,2.5
1392,6B425FA21020,2.5,2.0,2.0,2.0,2.0,2.0
2257,A91103F63B19,4.0,3.5,4.0,3.5,3.5,4.0
2177,A2957D006D28,4.5,4.0,4.0,4.0,4.0,4.0
2237,A754F3AC48E3,2.0,2.0,2.5,2.0,2.5,2.5
136,0AB62AE1C13F,3.5,3.5,3.5,3.5,3.5,3.5
1470,71BA665B1B31,3.0,4.0,3.0,3.5,3.5,3.0
3152,DE3867FD43DE,2.0,2.0,2.5,3.0,2.0,2.0
1278,62196AC0ABE8,3.5,3.0,3.5,3.5,2.5,2.5
1973,9532BA8E40BA,2.5,2.5,3.0,2.5,2.5,3.0
894,44D6EEDAE5BD,3.5,4.5,3.5,3.5,3.5,3.5
197,0EE67777ABB5,4.0,3.5,4.0,4.0,3.5,3.5
2338,ADC42265FD32,4.0,2.5,3.0,3.0,2.5,3.0
1483,72766FE38307,2.5,2.0,2.5,2.0,2.5,2.5
1792,8772F74F5EE0,3.5,3.5,4.0,4.0,4.0,4.0
2084,9C7E82646A0F,2.0,3.0,3.0,3.0,3.0,3.0
767,3B81809AA132,3.0,3.5,3.0,3.0,2.5,3.5
2280,AA7B4CC7EE1B,4.0,4.5,5.0,5.0,4.5,4.5
2693,C676CE973E9E,3.0,3.0,3.0,3.0,2.5,3.0
2081,9C6132E41DDE,3.0,3.5,3.0,3.5,3.5,3.5
1112,56053054CB1F,3.0,3.0,3.5,3.5,3.0,2.5
3778,FA55AEEF8F9C,4.0,4.0,3.5,4.0,3.5,3.0
2850,CEFDC545C24F,3.0,3.5,3.5,3.5,3.5,3.0
3116,DC77E1C50756,3.0,3.5,3.0,3.0,3.0,3.5
865,4248882EDCCC,4.0,3.0,3.0,3.0,3.0,4.0
2389,B1AFACE6704E,5.0,5.0,5.0,5.0,5.0,5.0
1085,52FEF34F4AC7,3.0,3.0,3.0,3.0,2.5,3.0
1447,6EF996C09864,2.0,2.0,3.0,2.0,2.0,2.0
199,0F19DD8FEEDC,3.5,3.0,4.0,3.0,3.0,4.0
429,209A6BC99DB9,3.5,4.5,4.5,4.5,4.5,4.5
3466,ED35A1FF5ACC,3.5,3.0,3.5,3.5,3.5,3.0
3880,FEC5B79E4778,2.0,2.5,3.0,3.0,3.0,3.0
1823,89857315A1A4,4.0,3.5,3.5,3.5,3.5,4.0
1795,877EC536B112,2.5,2.5,3.0,3.0,2.5,3.0
2924,D2D9D0C94A14,2.5,2.5,2.5,2.5,2.0,2.0
1970,951DBA563386,2.5,2.5,3.0,2.5,2.0,2.5
730,386C2A01AD9D,3.0,3.0,3.0,3.0,3.0,3.0
2967,D537BE6997F7,3.0,2.5,3.0,2.5,2.5,3.5
297,15F6B5C6229A,2.5,3.0,3.0,3.0,2.0,3.5
2121,9EBCC1131B13,4.5,3.0,4.0,3.5,3.0,3.5
3465,ED185DEBD213,2.5,2.5,2.5,2.5,2.5,2.0
807,3E7DE9C1C160,3.5,3.5,4.0,3.0,3.5,3.5
2595,C0643251A96A,3.0,3.0,3.0,3.0,3.0,2.0
1565,77FAA33476CA,3.5,4.0,4.0,4.0,3.5,3.5
2997,D6CCEE56DA9D,3.0,2.5,3.0,3.0,2.5,2.0
1172,5AC16E188F1B,3.5,3.5,3.5,3.5,3.5,3.5
3726,F87594F095B6,2.5,3.5,3.0,3.0,3.5,3.5
3733,F8B49772E887,2.5,2.5,2.5,3.0,2.5,2.5
821,3F4D8262235A,3.0,3.0,4.0,3.5,3.5,2.5
2711,C79292B5F78A,3.0,3.0,3.5,3.5,4.0,4.0
1241,5FEB3F213A84,3.5,3.5,4.0,3.5,4.0,3.0
1563,77D210B9EC7E,3.5,3.5,2.5,3.5,3.0,3.0
3716,F7E78C064324,2.5,2.0,3.0,2.5,2.0,2.5
3838,FD13023EE10A,2.5,3.0,3.0,2.0,2.5,2.5
623,2F268BE28055,4.0,3.5,4.0,3.0,3.5,4.0
1445,6EE4A9C8F158,3.5,2.5,3.5,3.5,3.5,4.0
1718,82618B162AAC,3.5,3.0,3.0,3.0,2.5,3.5
1162,59CE34172C44,2.5,2.5,3.0,2.5,3.5,3.0
2260,A93072F1F0EC,2.5,2.5,3.0,3.0,2.5,3.0
1640,7CAFF57E1775,4.5,5.0,5.0,4.5,5.0,4.0
3083,DB0A595A4723,3.5,3.5,3.0,3.0,3.0,3.5
3731,F89738650EDF,3.5,3.5,4.5,4.0,4.5,4.0
2603,C13E41755D2A,3.5,3.0,3.5,3.0,2.5,3.0
2775,CB73FAA1669D,2.0,2.0,2.5,2.5,2.0,3.0
2749,CA29A62DA67B,3.5,3.0,3.5,3.5,3.0,3.0
1022,4E29345CF8A9,3.5,3.0,2.5,3.0,3.0,2.5
1750,845693DC199E,4.0,3.5,4.0,3.0,4.0,4.0
291,15968BD9B40A,3.0,3.0,4.0,3.0,3.5,3.0
2022,98AB65F5C7F9,1.5,2.0,2.0,2.0,2.0,2.5
1740,83B3CD03C693,2.0,2.5,3.0,3.0,3.5,2.0
2282,AA9B263544A9,3.5,3.5,3.0,3.5,4.0,3.5
1007,4D65BE0B15B8,3.5,2.5,3.5,3.0,2.5,3.0
3026,D8D84A2E4CE0,3.0,3.0,3.0,3.0,2.5,2.0
67,0514D25768A0,3.5,3.0,2.0,3.0,2.0,3.0
24,01B3FDB3FD57,4.0,4.5,5.0,4.0,5.0,4.5
3453,EC82975E75DA,2.5,2.5,2.5,2.5,2.5,3.0
216,101E64C9DA0E,3.5,3.5,3.5,3.0,3.5,3.5
2860,CFA55621F274,4.0,3.0,3.0,2.5,3.5,3.0
1910,8FF3A8F178E1,3.0,2.5,3.0,2.5,2.5,2.5
2783,CBEB284749D7,4.0,3.0,3.0,3.5,2.5,3.0
1153,5923F6631724,4.0,3.5,3.5,3.0,2.5,3.5
3421,EAD2625A1711,3.5,3.0,4.0,3.5,3.5,4.0
2159,A11969208401,3.0,3.0,3.0,2.5,3.0,2.0
166,0C8D699DEE90,2.0,2.0,2.0,2.5,2.0,2.0
3823,FC69DC957116,3.0,2.0,3.0,3.0,2.5,3.0
207,0F8436260047,4.0,4.0,3.0,4.0,4.5,4.0
3510,EF5922BDE9E5,3.5,4.0,3.5,4.0,3.5,4.0
3624,F47F7676912A,4.0,4.0,3.5,4.0,3.0,3.5
2322,ACC830989D7A,4.0,3.5,4.0,3.0,3.0,4.0
2089,9CCE6697A5B1,3.5,3.0,3.0,2.5,2.5,3.0
591,2C9EA803FF3A,3.5,3.5,3.0,3.5,2.5,3.0
1176,5AFBB5573AB3,4.0,3.5,4.0,4.0,3.5,3.5
1720,827D807512AB,3.5,3.0,3.5,3.0,2.5,3.0
1863,8C3993109983,3.0,3.0,3.0,3.5,3.5,3.5
525,281AB73DF311,4.0,3.5,3.5,4.0,4.5,3.5
2335,AD72A536B54A,2.5,3.0,2.5,2.0,3.0,2.5
469,2358C2CE9966,3.0,3.0,3.0,2.0,2.0,2.5
1350,68004683BC3C,2.5,2.5,3.0,3.0,2.5,3.0
2169,A1EC959B8C13,4.0,4.5,4.5,4.0,4.5,4.5
2811,CD5F70E5C1D7,3.0,3.5,3.5,3.5,3.5,3.0
1531,75C950F8EA18,2.5,2.5,3.0,3.0,2.5,3.0
3300,E4FF635779B8,3.0,3.0,3.5,4.0,4.0,3.0
928,471C6119911D,3.5,3.5,3.5,3.5,3.0,3.5
1896,8EEA38B2E6CD,3.0,3.0,3.0,2.5,2.5,2.0
2721,C85DA87E87CC,3.5,3.5,3.5,3.5,3.5,3.5
1619,7B0C76128726,3.5,4.0,3.0,3.5,3.5,3.5
1469,71B72E8890F1,4.0,4.5,4.0,5.0,4.5,4.5
1141,588B09153941,4.0,3.5,3.0,3.0,4.0,3.5
2934,D3291B198D36,4.0,3.5,4.0,3.5,2.5,3.0
1913,900D1E184F63,2.5,2.0,3.0,2.5,2.0,3.0
956,491FA41A1499,3.0,3.0,2.5,2.5,2.5,3.5
1488,72C0B0B91BFC,2.0,2.5,3.0,3.0,2.5,2.5
25,01C53183305A,2.0,2.0,2.5,2.0,3.0,2.0
1134,5807D5F42CEB,4.5,3.5,4.0,4.0,4.0,4.0
2197,A3C8FABB8B29,3.0,3.5,3.5,3.5,3.5,3.0
925,47006CCC27EC,3.0,2.5,3.5,3.0,2.5,3.0
3224,E19E1BEB08EA,3.5,3.5,4.0,3.5,4.0,4.5
1552,772D27D400BB,3.0,2.5,2.5,2.0,2.0,2.0
2744,C9B9A8174D46,3.5,3.5,4.0,3.5,3.5,3.0
843,40C0290A53F1,2.5,2.0,3.0,2.0,2.5,2.5
1645,7CDB47E88B39,3.5,4.0,3.5,4.0,4.5,4.5
2937,D3612C6F0653,4.0,3.5,3.0,4.0,3.5,3.5
3533,F06699DB73E0,2.5,2.0,2.5,2.5,2.5,2.0
2646,C3FBD51A2343,3.0,3.0,3.0,3.0,2.5,3.0
1020,4E1C62576A76,2.5,2.5,3.0,2.5,2.5,3.0
2187,A35F3D111E9A,2.5,2.0,3.0,2.5,2.5,2.0
749,39B3FC0EAE2A,3.5,3.0,3.5,2.5,3.0,3.5
3332,E6EF69520940,3.0,3.5,4.0,3.0,3.0,4.0
3052,D9D8AB28BD26,2.0,3.0,2.5,2.5,2.0,2.0
2371,AFFCB27334C9,3.5,3.0,3.5,4.0,3.5,3.5
180,0DB44DDF91E6,3.0,3.0,3.0,2.5,3.0,3.0
1272,61992F84D5D1,3.0,2.5,3.5,2.5,2.0,2.5
2498,B9DABCFD687D,3.0,3.0,3.0,3.5,3.0,2.5
1434,6DB65C457200,3.0,3.5,3.5,3.0,3.5,3.5
607,2DFC9CC1793A,2.5,2.5,2.5,2.0,2.5,2.5
3091,DB80C6963DB7,3.0,2.5,3.0,3.0,2.5,2.5
1352,681B9CD21B07,3.5,3.0,3.5,3.5,3.5,3.0
2344,AE178808D4FB,3.5,3.0,3.5,3.0,3.5,3.0
1904,8F5F3F2519DA,3.5,3.5,3.5,3.5,3.5,3.5
3341,E7585113D7EC,3.5,2.5,2.5,2.5,3.0,2.0
1899,8EF9BE158AD3,2.5,3.0,3.5,3.0,3.0,2.5
3298,E4DCBE75344D,3.0,2.5,3.0,2.5,3.0,3.0
94,06FA8EF28227,2.5,2.0,2.5,3.0,3.0,2.5
3587,F2387DA187A4,3.5,3.0,3.5,3.5,3.0,3.5
770,3B93AE972238,2.5,2.5,3.0,2.5,2.5,3.0
637,30B9B18CCCC2,2.5,2.5,2.0,3.0,2.5,2.0
1304,6422237D967F,4.0,3.0,3.0,3.0,3.5,3.5
2334,AD6986B56719,4.0,4.5,4.5,4.5,4.5,3.5
3661,F5D2D8C81370,4.0,3.5,4.0,4.0,3.5,4.0
2536,BC1F1C37721E,4.0,3.0,3.5,3.5,4.0,3.5
2492,B9733BDA883E,3.5,4.0,4.5,4.0,3.0,3.5
1208,5DA3135B6664,3.0,2.5,2.5,2.5,2.0,2.0
1395,6B850987631D,3.0,3.5,3.0,3.5,3.5,3.5
1578,78B89BF70AE8,3.0,2.0,3.0,2.5,2.5,2.5
1198,5CB186BF742C,4.0,3.5,3.5,3.5,3.0,3.5
275,13FDCF58A955,3.5,3.5,3.0,3.0,3.5,3.0
2854,CF45352F8424,3.0,3.5,3.5,3.5,2.5,2.5
1152,591B7E3E2B40,3.0,3.0,3.0,3.5,3.5,3.0
1206,5D7D1445A7CF,4.5,5.0,5.0,5.0,4.5,4.5
2080,9C601D9FCB5F,3.5,3.0,3.5,3.0,2.5,3.0
1104,55174E1DFC5B,3.5,3.0,4.5,4.0,3.5,3.0
307,168958FC7315,3.0,3.0,3.0,3.0,4.0,4.0
2818,CDAA99F49D42,2.5,3.0,2.5,2.5,2.5,3.5
2059,9B3F1EFA8AAB,3.5,3.0,3.0,3.0,3.5,3.5
872,42F8715D04A3,4.0,4.0,3.0,3.5,4.0,3.5
3115,DC6EDCFCFBC2,4.0,3.0,3.5,3.5,3.5,3.0
86,062AE7A344D3,2.0,2.5,3.0,3.0,2.0,2.5
2826,CDE661A599F5,3.0,3.5,4.0,3.5,3.0,4.0
3108,DC247D62DB3E,3.0,3.0,3.0,2.0,2.5,2.5
2753,CA3EB3AA11FC,1.5,1.5,1.5,2.0,1.0,2.0
3130,DCEE7FD21CFD,2.0,3.0,3.0,3.0,3.0,3.0
3113,DC56EF65D59D,3.5,2.5,3.5,3.0,3.0,3.0
2830,CE246FE2471F,3.5,3.0,3.5,3.5,2.5,2.5
1435,6DFD772CFC64,3.0,3.5,3.0,3.0,2.5,3.0
2610,C1B4AB227617,2.5,2.5,2.5,2.5,2.0,2.0
209,0F8F499BAAB9,2.5,2.5,3.0,2.5,3.0,2.5
3220,E18675E47293,4.0,4.0,4.0,4.0,4.0,4.5
2787,CBFD5CD8BCD9,2.5,3.5,3.5,3.5,4.0,3.0
1966,94ACF6006DB9,2.0,2.0,3.0,2.0,3.0,2.5
2642,C3D8E8E8B942,4.0,4.0,3.5,3.5,4.5,3.5
1987,9653A4188D80,3.0,3.5,3.0,3.0,4.0,3.5
2171,A22BC15DDB95,3.0,3.0,3.0,3.5,3.5,4.0
2782,CBE7994D8199,3.5,3.0,2.5,3.0,3.5,3.0
931,4744A861D13F,4.0,4.0,3.5,3.5,4.0,3.5
3646,F54386A8122B,3.5,3.5,3.5,3.0,3.5,3.0
2146,A094036DE672,3.0,3.5,3.5,3.5,4.0,3.0
2425,B41ED2C0C016,3.5,3.0,3.0,3.5,3.5,2.5
130,0A1482CD6163,4.0,4.0,4.5,4.0,4.5,4.5
1723,8295FC2CA419,4.5,4.5,4.5,4.5,5.0,4.5
2071,9BAE37CAB3ED,4.0,3.0,4.0,3.0,3.0,3.0
3455,ECA6E86705B6,3.0,3.0,3.0,3.5,2.5,3.0
954,4906FE42D823,2.5,3.0,3.5,3.5,3.0,3.0
555,2A7997AE8E72,2.5,3.0,3.0,3.5,3.5,3.5
2418,B3AAF502DFFE,3.5,3.5,3.5,4.0,2.5,3.5
1930,9152EA0F430B,2.5,3.5,3.0,3.0,3.0,2.5
1536,761E2670197E,2.5,2.5,3.5,3.0,2.5,3.5
2431,B4B2CB4AA07F,4.0,4.0,3.5,4.0,4.0,3.5
201,0F3EC382C3CB,4.0,3.0,3.5,3.5,4.0,3.5
2965,D4A38C52F57D,3.5,3.5,3.5,3.5,4.0,3.0
2023,98C692B7B152,3.0,3.5,3.0,3.0,2.5,3.0
368,1BEADE7B4160,2.0,2.0,2.0,2.0,2.0,2.5
973,4A8E42EE9569,2.5,3.5,3.5,3.5,3.5,3.5
3626,F49521C3494B,3.0,2.5,3.0,2.0,3.0,3.0
1634,7C2650EEA2B6,4.5,4.5,4.5,4.0,4.0,4.5
2435,B4CF5269C465,3.5,3.5,3.5,3.0,3.0,3.0
816,3F20E4B1AA0D,2.5,3.0,2.5,3.0,2.5,2.5
1954,9392E2E0AA1E,3.5,3.5,3.0,3.0,3.0,2.0
1316,6515E6AFD11E,3.0,2.5,3.0,3.5,2.5,3.0
3762,F9E1434B2151,3.0,4.0,3.5,3.0,4.0,3.0
1905,8F6DFE02DF75,2.5,2.0,3.0,2.5,2.5,3.5
256,12920189F7BB,4.0,4.0,3.5,4.0,4.0,4.0
3678,F6886170FAA3,3.0,3.0,3.0,3.0,3.0,2.5
3269,E33FFA17ED69,3.5,3.5,3.0,3.5,3.0,3.5
3167,DED3BCBE5049,3.5,3.5,3.5,3.5,4.0,4.0
1472,71F1B96A18BB,3.0,2.5,3.0,3.0,2.0,3.0
1699,80E36876B2CB,3.5,4.0,4.0,3.0,4.0,4.0
2217,A53DEC5A2DE8,3.5,3.0,3.0,2.5,3.0,3.5
1605,7A66900A3812,2.5,2.0,2.5,2.5,2.0,2.5
1329,65DBDD75CA50,3.5,2.5,3.5,2.5,2.0,3.0
560,2ACDFF7FCAAA,2.5,2.5,2.0,2.5,2.0,2.5
1877,8DA2034EC1C8,3.0,2.0,2.5,2.0,2.0,2.5
373,1C31DA60C28D,2.0,2.0,2.5,2.0,2.0,2.0
2957,D447CB3558A0,3.5,3.0,3.0,3.0,3.0,3.0
2767,CAC6822F740C,3.5,3.0,3.5,3.5,3.0,3.5
2839,CE98C42F51C2,2.5,2.5,2.5,2.5,2.5,3.0
3002,D752DF2541DD,3.5,2.5,3.0,3.0,3.0,3.0
3299,E4F813D54870,3.5,3.0,3.0,3.0,3.0,3.0
1684,800FE9615C63,2.0,2.0,3.0,2.0,2.5,2.0
1167,5A8CC59C2D7D,2.0,2.0,3.0,2.0,2.5,2.5
2024,98CD7819C7EF,3.0,3.0,3.5,2.5,2.0,3.0
1204,5D693DD9978D,3.0,2.5,3.0,2.5,2.5,3.0
2916,D25868F1C5C3,2.5,2.5,2.5,2.5,2.5,3.0
972,4A87CFC37238,3.0,3.0,3.5,3.5,3.5,4.0
1155,597618D3F66C,4.0,3.5,3.5,3.5,3.0,3.5
2036,99961D273689,3.5,3.5,3.5,3.0,3.0,3.5
3857,FE1D0E5EA2EB,3.0,4.5,3.5,3.5,3.5,3.0
1071,52105DDA12EB,2.0,2.0,2.5,2.5,2.0,3.0
3012,D7C9E22CC216,4.0,3.5,3.5,4.0,4.0,3.5
774,3BEF322748A1,3.5,3.5,3.0,3.0,2.5,3.5
324,1767698C3969,3.0,3.5,3.5,3.5,3.5,3.5
2251,A88FB1D1C8BD,2.5,3.0,3.5,3.5,3.0,3.0
84,061D2BBACB45,4.0,3.0,4.0,3.5,3.0,3.5
2681,C616CFDBCA6A,4.0,4.5,4.5,4.5,4.5,4.0
2956,D43F9C906CD6,3.5,3.5,4.0,3.5,3.0,3.0
1589,79484682B23E,4.0,3.5,3.5,3.5,4.0,4.0
2659,C4A208FC02D2,3.5,3.0,3.0,3.5,2.0,3.5
2446,B5AA232A7261,2.0,2.0,2.0,2.0,2.0,2.0
1920,90978A2F8599,4.0,3.5,4.0,3.0,4.0,4.0
91,06E81109FE92,2.0,2.0,3.0,2.5,2.0,3.0
3154,DE54A8F9C29C,4.0,3.5,4.0,4.0,4.0,3.0
430,20A2147B6DB8,3.0,3.0,3.0,3.0,2.5,3.0
2827,CE11907D971D,3.0,2.5,3.0,3.0,2.5,2.5
3191,E0553AEE109E,5.0,4.5,4.0,4.0,4.5,4.5
2339,ADDFE045FED1,3.5,4.0,3.5,4.0,3.5,3.5
2105,9E21506EADC7,2.0,2.0,2.5,3.0,3.0,2.0
1345,67D58F9FA53C,2.0,2.5,3.0,3.0,3.0,2.5
257,12CA89146E91,2.0,2.5,2.5,2.5,2.5,2.5
888,447221C3FA00,3.0,2.5,3.0,2.5,2.0,2.5
3855,FDFB04ED3388,4.0,3.0,4.0,3.5,3.5,3.0
1466,7138786DA45C,3.0,3.5,4.0,3.0,3.0,3.5
3114,DC5DAF538DF2,4.0,4.0,4.5,4.0,4.0,4.5
1641,7CB712FD1253,4.0,3.5,4.0,3.5,3.5,3.0
388,1D82FAFE677B,2.0,3.0,2.5,2.0,3.0,2.5
2383,B0DFC5E93591,2.0,2.0,2.0,2.0,2.0,2.5
273,13D960FD28CD,3.5,3.5,3.5,3.0,3.5,4.0
756,3A38B9DD6723,3.0,3.5,3.5,3.5,3.0,3.5
3560,F1620489BEB3,3.0,3.5,4.0,3.0,3.5,4.0
3622,F45967CEFA55,4.0,3.0,4.0,3.5,3.0,3.0
1925,90EBF38FCFBA,3.0,3.0,3.5,3.0,3.5,3.5
3125,DCDED7261D03,4.0,3.5,3.5,3.5,3.5,4.0
1956,93BAA0D48EF3,2.5,2.5,2.5,2.0,2.0,2.5
3844,FD7B0090CFE0,3.0,3.5,3.0,3.0,3.5,4.0
2176,A28E9B475935,4.0,3.5,3.0,3.0,3.5,3.5
802,3E4B70F8555C,3.5,3.0,3.0,2.5,3.5,3.5
2076,9C1B60E737FB,3.5,3.5,3.5,3.0,3.5,3.5
1207,5D843D1CD37D,2.0,3.0,3.0,3.0,2.5,3.0
2930,D30614F0911F,3.5,3.0,3.5,4.0,3.0,3.5
3531,F0524CAE23DC,2.5,2.0,3.0,3.0,2.0,2.0
2558,BE2532E0867B,3.5,3.5,4.0,3.5,3.5,4.0
2723,C865637A034A,2.0,3.0,3.0,3.5,3.5,3.5
151,0B72A4344B3E,3.5,3.5,3.0,3.5,2.5,3.0
2292,AB37B00A93F1,2.5,2.5,2.5,2.5,2.5,2.0
714,36F66596E3B7,2.0,2.0,3.0,2.0,2.5,2.5
2591,C01AC1CDDD65,3.0,2.5,3.0,3.0,3.0,2.5
544,29905A8482BC,3.0,4.0,3.5,3.5,3.0,3.0
639,30FE0B8168BE,3.5,3.5,3.5,3.0,3.5,3.5
2745,C9E127E1B4E2,2.5,3.0,2.5,2.5,2.5,2.5
3337,E733508EEB84,3.0,3.5,3.5,2.5,3.0,3.0
3360,E83134C87EFA,3.0,3.0,3.5,4.0,3.0,3.5
423,2010889A6522,3.5,3.5,3.0,3.0,3.0,2.5
2958,D4490C9F73B9,3.0,3.0,4.0,3.0,3.0,3.0
3219,E17E9E75ECEB,3.0,3.0,4.0,3.5,3.5,3.0
659,33113B7D1125,2.5,2.5,3.0,3.5,2.5,2.5
797,3DE204C5895E,3.5,3.5,3.5,3.5,3.0,4.0
3876,FE8BA4043788,2.5,2.5,3.0,2.5,3.0,3.0
3249,E263EB3FBC22,3.5,3.0,3.0,3.0,4.0,3.0
2008,97C6E22BA8EE,3.0,2.5,3.0,3.0,3.0,3.0
99,0781753B768E,2.0,2.5,2.5,3.0,2.0,2.5
2898,D1A0AFC80A9A,3.5,3.5,3.5,3.5,3.5,3.5
2496,B9B71CEE162B,4.0,4.5,4.5,4.5,4.5,4.0
3503,EF2E939F92B2,3.0,3.0,3.5,3.0,3.0,2.5
1871,8D02AC12DD48,2.0,2.0,3.0,2.5,3.0,2.5
2046,9A36D8AB4818,4.0,4.5,4.0,4.0,5.0,4.5
3781,FA5BCD4CBF5A,3.0,3.0,3.5,3.0,2.5,3.0
755,3A2DBB1E0556,3.0,3.0,3.0,2.5,2.5,3.5
976,4ABC0ED00F91,3.5,4.0,3.0,3.5,4.0,3.5
2163,A1BFCDA12FB1,3.0,3.5,3.5,3.5,3.5,3.0
1940,92B418CEA06E,3.5,3.0,3.5,3.5,3.5,3.5
2825,CDDFBBACC7B6,4.0,3.0,3.0,3.5,3.0,3.0
2120,9EBA120196BC,3.0,2.5,3.0,3.0,4.0,3.5
2893,D16B3304A010,4.0,3.5,3.0,3.5,4.0,4.0
537,292E635496C4,2.5,2.5,3.0,2.5,2.5,2.5
1701,80F044EBC71B,3.0,3.5,3.5,3.5,4.0,3.0
2897,D190133EDD2B,3.0,3.0,2.5,2.5,2.0,2.5
3672,F628F0D46CCC,3.0,3.5,3.0,3.0,3.0,3.5
2222,A5B9C9F26FD6,3.0,3.5,3.5,3.5,4.0,3.5
2135,9FA90B94782E,3.5,3.5,4.0,3.0,2.5,3.5
2599,C0C29B07C7C0,3.5,3.5,4.0,4.0,4.0,4.0
3558,F1596AB60E72,3.0,3.5,4.0,3.5,3.0,3.0
705,363295DC545F,2.5,3.0,3.0,2.5,2.5,3.5
2362,AF96A2176FB7,3.0,3.5,3.5,4.0,4.0,4.0
3468,ED4CAEB0D7A3,2.0,2.5,3.0,3.0,2.5,2.5
2648,C40BB9E0BC6C,2.5,2.5,2.5,2.0,2.0,2.5
3544,F0EA44C34C13,2.5,3.5,3.0,2.5,2.5,3.0
3142,DDB673D3627D,3.5,3.0,3.0,2.5,2.0,3.0
2647,C4086056BD37,2.5,2.0,2.0,2.0,2.0,2.0
1828,89ADE1CC1BEC,4.5,4.0,3.5,4.0,3.0,4.0
1778,869CC4EDD3B5,3.0,2.5,3.0,2.5,2.0,3.0
277,144671E445D0,2.5,3.0,3.0,2.0,2.5,2.5
3795,FAC3F8F91C6F,3.5,3.0,3.5,3.0,3.0,3.5
1033,4EECC9B3CF7F,4.0,4.0,4.0,3.0,4.0,4.0
3431,EB67209E0468,3.5,3.5,4.0,3.5,3.0,3.5
1731,830E5FA9FC72,3.0,3.5,4.0,3.5,3.0,3.5
763,3AFA78FFFC15,2.5,2.0,3.0,2.0,2.5,3.0
835,4032ED0063E4,3.0,3.0,3.0,3.0,4.0,3.0
3264,E2FC7B4466C5,3.5,3.0,3.0,3.0,3.5,3.5
1653,7D98C85F9223,3.0,4.0,3.5,3.5,3.5,3.0
2607,C194E48A8236,3.5,3.0,3.5,3.0,3.0,3.0
2732,C8F035B467A7,3.0,3.5,3.5,3.0,3.5,3.5
